# Time,pressureForceX,pressureForceY,pressureForceZ,viscousForceX,viscousForceY,viscousForceZ,capillaryForceX,capillaryForceY,capillaryForceZ
1.00005190957e-10,0.0,0.0,-6.19491339098e-08,1.96248257015e-11,-1.91308972675e-27,0.0,1.83294589847e-11,4.999429782339999e-25,1.86003900655e-11
2.00000058236e-10,0.0,0.0,-6.6498901889e-08,1.87190125348e-11,-2.77682661111e-27,0.0,1.83285790239e-11,3.4576959121e-25,1.86067730015e-11
3.00003707606e-10,0.0,0.0,-6.80479001908e-08,1.86719992576e-11,-3.66355189844e-27,0.0,1.8327781282e-11,2.22618237268e-25,1.85935167417e-11
3.99998088648e-10,0.0,0.0,-6.85871302514e-08,1.86897163264e-11,-3.88874363485e-27,0.0,1.83270454155e-11,1.1848377879399999e-25,1.85875642243e-11
5.00005071405e-10,0.0,0.0,-6.9285907286e-08,1.8725607212e-11,-3.920037656e-27,0.0,1.83263641255e-11,3.6140432656800003e-26,1.85846648221e-11
6.00001478695e-10,0.0,0.0,-7.00191962909e-08,1.87756568385e-11,-3.92821186519e-27,0.0,1.83257287672e-11,-2.36781401631e-26,1.85803028959e-11
7.00004649319e-10,0.0,0.0,-7.06677174237e-08,1.87986123902e-11,-3.91254600445e-27,0.0,1.83251226825e-11,-6.21007534562e-26,1.85749882122e-11
7.99998279721e-10,0.0,0.0,-7.13495089038e-08,1.88451611174e-11,-3.8963451969700004e-27,0.0,1.83245484286e-11,-8.08495644471e-26,1.85683076255e-11
8.99993551342e-10,0.0,0.0,-7.20543901406e-08,1.88865156633e-11,-3.7848697159400004e-27,0.0,1.83240190619e-11,-8.18545832964e-26,1.85592488556e-11
9.99994039841e-10,0.0,0.0,-7.27164625211e-08,1.88998584001e-11,-3.54994735596e-27,0.0,1.83235203269e-11,-6.678523793940001e-26,1.85494151723e-11
1.10000251044e-09,0.0,0.0,-7.34988730745e-08,1.89533136543e-11,-2.9653374709300002e-27,0.0,1.83230632657e-11,-3.7125972561600005e-26,1.85381671577e-11
1.1999975814e-09,0.0,0.0,-7.41251379194e-08,1.89860711436e-11,-2.33357507638e-27,0.0,1.83226486372e-11,6.12970916977e-27,1.85253334905e-11
1.29999859369e-09,0.0,0.0,-7.47915818196e-08,1.90029444314e-11,-1.55886280717e-27,0.0,1.83222843939e-11,6.23592942918e-26,1.85124968395e-11
1.39999586315e-09,0.0,0.0,-7.55149903516e-08,1.90533751762e-11,-1.66262091868e-28,0.0,1.83219696288e-11,1.30795226882e-25,1.84981678758e-11
1.50000627301e-09,0.0,0.0,-7.60742920599e-08,1.90775923402e-11,1.1331561742500001e-27,0.0,1.83216840539e-11,2.10915426661e-25,1.84830975681e-11
1.59999605684e-09,0.0,0.0,-7.68869157054e-08,1.91017074503e-11,2.33226849829e-27,0.0,1.83214846013e-11,3.011898199e-25,1.84683842693e-11
1.69999595021e-09,0.0,0.0,-7.76138005515e-08,1.91424787579e-11,2.99662192145e-27,0.0,1.83213315052e-11,3.9873897446299996e-25,1.84522964818e-11
1.80000435859e-09,0.0,0.0,-7.8081141963e-08,1.91594473336e-11,3.5734029458000004e-27,0.0,1.83211991491e-11,4.99739000015e-25,1.84361098684e-11
1.90000018172e-09,0.0,0.0,-7.90821781909e-08,1.9189547562e-11,3.5745053656000005e-27,0.0,1.83211775498e-11,5.98992546794e-25,1.84202189135e-11
2.00000662552e-09,0.0,0.0,-7.97195391261e-08,1.92230668822e-11,3.13975022927e-27,0.0,1.83211818267e-11,6.912438513000001e-25,1.84031840201e-11
2.09999477857e-09,0.0,0.0,-8.03975314649e-08,1.92291466832e-11,2.54705787133e-27,0.0,1.83212311541e-11,7.71448812854e-25,1.83865894278e-11
2.20000331041e-09,0.0,0.0,-8.11107768844e-08,1.9271783534e-11,1.93018663088e-27,0.0,1.83213865477e-11,8.35336550862e-25,1.83699287027e-11
2.29999439095e-09,0.0,0.0,-8.18267330832e-08,1.92963699981e-11,1.41752911934e-27,0.0,1.83215485062e-11,8.79582799152e-25,1.83524823712e-11
2.39999670522e-09,0.0,0.0,-8.27476564327e-08,1.92979405078e-11,8.785200375180001e-28,0.0,1.83217877448e-11,9.02214350695e-25,1.83358473959e-11
2.49999556779e-09,0.0,0.0,-8.31940642045e-08,1.93460104654e-11,2.01319488581e-28,0.0,1.83221158353e-11,9.01703100661e-25,1.83186981461e-11
2.60000160823e-09,0.0,0.0,-8.39562555451e-08,1.93631729597e-11,-3.6693629829300003e-28,0.0,1.832243606e-11,8.77163419235e-25,1.83011773607e-11
2.70000690412e-09,0.0,0.0,-8.48777686448e-08,1.93719019646e-11,-1.05839062084e-27,0.0,1.8322861406e-11,8.2886397375e-25,1.82845827772e-11
2.80000442872e-09,0.0,0.0,-8.53478368366e-08,1.94130483952e-11,-2.2905189689200002e-27,0.0,1.83233607073e-11,7.591642352209999e-25,1.82672552763e-11
2.89999572936e-09,0.0,0.0,-8.60409036871e-08,1.94254550464e-11,-3.40181336181e-27,0.0,1.83238405436e-11,6.7132085646899995e-25,1.82498770573e-11
3.00000033894e-09,0.0,0.0,-8.64666652658e-08,1.94476192395e-11,-4.40265156738e-27,0.0,1.83244378035e-11,5.6955682011e-25,1.82333535466e-11
3.1000002402e-09,0.0,0.0,-8.74519504712e-08,1.94755058988e-11,-5.26797097723e-27,0.0,1.83250933196e-11,4.583860530239999e-25,1.82160550157e-11
3.19999587801e-09,0.0,0.0,-8.81483283668e-08,1.94829501966e-11,-6.06236746749e-27,0.0,1.83257240816e-11,3.4186840405099997e-25,1.81989383021e-11
3.3000037952e-09,0.0,0.0,-8.86114980011e-08,1.95097760724e-11,-6.3569831578000005e-27,0.0,1.83264826746e-11,2.23499834413e-25,1.818251201e-11
3.40000278787e-09,0.0,0.0,-8.95649495347e-08,1.9533267506e-11,-6.08978586394e-27,0.0,1.83272870595e-11,1.06049384117e-25,1.81653575549e-11
3.50000052799e-09,0.0,0.0,-9.02513108481e-08,1.95366917618e-11,-5.7535214726e-27,0.0,1.8328062092e-11,-8.6408495954e-27,1.8148553098e-11
3.59999400493e-09,0.0,0.0,-9.11620414722e-08,1.95611714124e-11,-5.23294814739e-27,0.0,1.83289705761e-11,-1.19112801017e-25,1.81322370801e-11
3.69999442031e-09,0.0,0.0,-9.16723975246e-08,1.95870827396e-11,-4.81157239754e-27,0.0,1.83299107497e-11,-2.23387003057e-25,1.81152732507e-11
3.79999851492e-09,0.0,0.0,-9.23508634567e-08,1.95871471029e-11,-4.33420543087e-27,0.0,1.83308232449e-11,-3.19499845587e-25,1.80987936239e-11
3.89999440038e-09,0.0,0.0,-9.28829835058e-08,1.96201806614e-11,-4.0023420902900004e-27,0.0,1.83318660013e-11,-4.05192059145e-25,1.80825865624e-11
4.00000371386e-09,0.0,0.0,-9.37756422738e-08,1.96373459022e-11,-3.86369377312e-27,0.0,1.83329273163e-11,-4.7910071902e-25,1.80658427223e-11
4.09999589858e-09,0.0,0.0,-9.44460772808e-08,1.96346835798e-11,-3.61943005116e-27,0.0,1.83339626774e-11,-5.40015981327e-25,1.80496734137e-11
4.20000208157e-09,0.0,0.0,-9.52743905941e-08,1.96655846544e-11,-3.65251283943e-27,0.0,1.83351211503e-11,-5.87392982364e-25,1.80335885844e-11
4.30000213608e-09,0.0,0.0,-9.58733472601e-08,1.96844077336e-11,-3.54046175667e-27,0.0,1.83362879804e-11,-6.214643694689999e-25,1.8017081783e-11
4.3999978612e-09,0.0,0.0,-9.65557066496e-08,1.96795146727e-11,-3.36371240662e-27,0.0,1.83374274262e-11,-6.43053283574e-25,1.80011948818e-11
4.49999823388e-09,0.0,0.0,-9.71736052371e-08,1.97144177313e-11,-2.89207810379e-27,0.0,1.83386821753e-11,-6.53435665687e-25,1.79852598721e-11
4.60000307652e-09,0.0,0.0,-9.79648740019e-08,1.97286389131e-11,-2.36615096043e-27,0.0,1.83399387201e-11,-6.535986183000001e-25,1.7968994808e-11
4.70000381745e-09,0.0,0.0,-9.86516938181e-08,1.97222922764e-11,-1.94445023617e-27,0.0,1.83411631329e-11,-6.44719571158e-25,1.79533630698e-11
4.80000565753e-09,0.0,0.0,-9.93657337054e-08,1.97558899886e-11,-7.25166081114e-28,0.0,1.83424957956e-11,-6.2807188235e-25,1.79376036607e-11
4.90000253746e-09,0.0,0.0,-1.00048658794e-07,1.97703047769e-11,4.80838869921e-28,0.0,1.83438269915e-11,-6.0507709122899995e-25,1.79215739922e-11
4.99999634086e-09,0.0,0.0,-1.00685872881e-07,1.97639410924e-11,1.65682147697e-27,0.0,1.83451181163e-11,-5.76984056181e-25,1.7906180411e-11
5.09999817821e-09,0.0,0.0,-1.01434575587e-07,1.97961350696e-11,2.75551182215e-27,0.0,1.83465117168e-11,-5.45326091105e-25,1.78906224494e-11
5.20000624708e-09,0.0,0.0,-1.02124389682e-07,1.98097067651e-11,3.46325170112e-27,0.0,1.83479046412e-11,-5.1138765338399995e-25,1.78748199221e-11
5.29999647543e-09,0.0,0.0,-1.02789378832e-07,1.98027503448e-11,4.16417709675e-27,0.0,1.83492458677e-11,-4.7634041870399995e-25,1.78596375254e-11
5.39999751472e-09,0.0,0.0,-1.03541296984e-07,1.98334678634e-11,4.43924508161e-27,0.0,1.83506847867e-11,-4.41495759137e-25,1.78443033049e-11
5.49999636052e-09,0.0,0.0,-1.04191357795e-07,1.98470433222e-11,4.44385560839e-27,0.0,1.83521276174e-11,-4.07875154366e-25,1.78287233798e-11
5.60000248715e-09,0.0,0.0,-1.04877679935e-07,1.98400829918e-11,4.34989038028e-27,0.0,1.83535042785e-11,-3.7636628021000002e-25,1.78137111816e-11
5.69999586297e-09,0.0,0.0,-1.05544982357e-07,1.98696599572e-11,3.91177904604e-27,0.0,1.83549736678e-11,-3.47885357788e-25,1.7798629465e-11
5.79999253326e-09,0.0,0.0,-1.06248302956e-07,1.98824670152e-11,3.60121179981e-27,0.0,1.83564554936e-11,-3.23268885544e-25,1.7783257052e-11
5.90000662231e-09,0.0,0.0,-1.06918305619e-07,1.98764910763e-11,3.31242512759e-27,0.0,1.83578553636e-11,-3.03382937972e-25,1.77683817183e-11
5.99999875664e-09,0.0,0.0,-1.07383976251e-07,1.9905607882e-11,2.64946042265e-27,0.0,1.83593404897e-11,-2.8930213198699998e-25,1.77535725154e-11
6.10000158274e-09,0.0,0.0,-1.08301174044e-07,1.99162679746e-11,1.94092247136e-27,0.0,1.83608509919e-11,-2.82294748227e-25,1.77383917034e-11
6.20000548286e-09,0.0,0.0,-1.08968640091e-07,1.99112212385e-11,1.24287988052e-27,0.0,1.83622647027e-11,-2.83880488627e-25,1.77236334784e-11
6.30000432816e-09,0.0,0.0,-1.09669638195e-07,1.99331154862e-11,6.80233146549e-28,0.0,1.8363750032e-11,-2.9575275866299997e-25,1.77090877121e-11
6.39999501745e-09,0.0,0.0,-1.10347326847e-07,1.99483509277e-11,1.75269214096e-28,0.0,1.83652711318e-11,-3.19603936025e-25,1.7694081608e-11
6.50000274098e-09,0.0,0.0,-1.11008755371e-07,1.99445601375e-11,-3.0114055299800004e-28,0.0,1.83667002298e-11,-3.5692405854799997e-25,1.7679440793e-11
6.60000299763e-09,0.0,0.0,-1.11686276655e-07,1.99618224042e-11,-7.3461220741e-28,0.0,1.83681690474e-11,-4.08420138064e-25,1.76651429553e-11
6.70000532185e-09,0.0,0.0,-1.12381399892e-07,1.99786118905e-11,-9.891993715350001e-28,0.0,1.83696885119e-11,-4.73699155835e-25,1.76503006558e-11
6.80000009755e-09,0.0,0.0,-1.13045737245e-07,1.99767278684e-11,-1.0452251947e-27,0.0,1.83711265482e-11,-5.50904822055e-25,1.76357696761e-11
6.90000375393e-09,0.0,0.0,-1.13710090153e-07,1.99879454851e-11,-1.0999789163e-27,0.0,1.83725661841e-11,-6.3660753894299995e-25,1.76217005771e-11
6.99999759146e-09,0.0,0.0,-1.14222952937e-07,2.00091687524e-11,-1.11938361689e-27,0.0,1.8374071335e-11,-7.26226101801e-25,1.76070044531e-11
7.09999215806e-09,0.0,0.0,-1.15074728889e-07,2.00074024151e-11,-1.14027419805e-27,0.0,1.83755111185e-11,-8.14806209006e-25,1.75925919628e-11
7.20000433531e-09,0.0,0.0,-1.15720919381e-07,2.00117110133e-11,-1.0584894949e-27,0.0,1.83769114325e-11,-8.97428002061e-25,1.75787139202e-11
7.30000246862e-09,0.0,0.0,-1.16405106337e-07,2.00330585076e-11,-9.06790767779e-28,0.0,1.83783901094e-11,-9.699556579379999e-25,1.75641781052e-11
7.39999312708e-09,0.0,0.0,-1.17090163674e-07,2.00363184201e-11,-7.03942306474e-28,0.0,1.83798243817e-11,-1.02953707566e-24,1.75498628765e-11
7.49999781645e-09,0.0,0.0,-1.177317941e-07,2.00333778967e-11,-5.193989794140001e-28,0.0,1.83811807572e-11,-1.07446274843e-24,1.75361273714e-11
7.60000500249e-09,0.0,0.0,-1.18402061424e-07,2.00571880408e-11,-2.22153906144e-28,0.0,1.83826163855e-11,-1.1043097094400001e-24,1.75218076644e-11
7.7000016165e-09,0.0,0.0,-1.19117627887e-07,2.00633520473e-11,1.38484066663e-28,0.0,1.83840372701e-11,-1.11869257993e-24,1.75075582848e-11
7.79999637046e-09,0.0,0.0,-1.19747388605e-07,2.00533367678e-11,4.56773410389e-28,0.0,1.83853512609e-11,-1.1181390233e-24,1.74938516219e-11
7.90000009684e-09,0.0,0.0,-1.20422652548e-07,2.00797694189e-11,7.59768894246e-28,0.0,1.83867208055e-11,-1.1034381784700001e-24,1.74798349401e-11
7.99999827985e-09,0.0,0.0,-1.2114419056e-07,2.00897929574e-11,9.75594791045e-28,0.0,1.83881124492e-11,-1.0761592588600001e-24,1.74656023227e-11
8.10000521008e-09,0.0,0.0,-1.21802409543e-07,2.0083693101e-11,1.0648140939000001e-27,0.0,1.83893853527e-11,-1.0381183718e-24,1.74517871691e-11
8.19999325419e-09,0.0,0.0,-1.2248812753e-07,2.01015310108e-11,1.1120620457700001e-27,0.0,1.83906649747e-11,-9.9132352099e-25,1.74380638248e-11
8.29999878638e-09,0.0,0.0,-1.23188565396e-07,2.01156214715e-11,1.11686131921e-27,0.0,1.83919959088e-11,-9.378699444429999e-25,1.74237571051e-11
8.40000535543e-09,0.0,0.0,-1.23912909125e-07,2.01135759619e-11,1.05389561545e-27,0.0,1.83932310599e-11,-8.79859343849e-25,1.74097866185e-11
8.49999327831e-09,0.0,0.0,-1.24598499644e-07,2.01223795255e-11,1.00826434391e-27,0.0,1.83944066868e-11,-8.193260111709999e-25,1.73961496142e-11
8.60000044583e-09,0.0,0.0,-1.25313318203e-07,2.01412290069e-11,9.98491802538e-28,0.0,1.83956563653e-11,-7.58078752234e-25,1.73817427329e-11
8.69999435177e-09,0.0,0.0,-1.26062686352e-07,2.01439966901e-11,1.0111940575400001e-27,0.0,1.83968363838e-11,-6.97594407688e-25,1.73674835027e-11
8.80000147973e-09,0.0,0.0,-1.26788593741e-07,2.01430969119e-11,1.0724545026000001e-27,0.0,1.83979065195e-11,-6.39020584396e-25,1.73536380819e-11
8.89999782236e-09,0.0,0.0,-1.27540149564e-07,2.01669646747e-11,1.18800013802e-27,0.0,1.83990314191e-11,-5.83276966033e-25,1.73390153889e-11
9.00000276657e-09,0.0,0.0,-1.28306945514e-07,2.01744348054e-11,1.3168354212e-27,0.0,1.84001345088e-11,-5.308385490959999e-25,1.73242276587e-11
9.09999642428e-09,0.0,0.0,-1.29032959878e-07,2.01661472418e-11,1.48430738966e-27,0.0,1.84010964186e-11,-4.81973122833e-25,1.73096829011e-11
9.20000006546e-09,0.0,0.0,-1.29784272239e-07,2.0189709305e-11,1.63251632511e-27,0.0,1.84020548155e-11,-4.36853884646e-25,1.7294668828e-11
9.29999750444e-09,0.0,0.0,-1.30535089195e-07,2.0201025799e-11,1.76863327804e-27,0.0,1.84030581297e-11,-3.95438335311e-25,1.72791554913e-11
9.3999978921e-09,0.0,0.0,-1.31264394638e-07,2.0196173935e-11,1.8581575489000002e-27,0.0,1.84039298905e-11,-3.5759207698599997e-25,1.72638283691e-11
9.49999688802e-09,0.0,0.0,-1.31980806026e-07,2.02067081034e-11,2.05903251291e-27,0.0,1.84047226046e-11,-3.2324292163399998e-25,1.72483843811e-11
9.60000607932e-09,0.0,0.0,-1.32689845916e-07,2.02211787316e-11,2.3395590390900002e-27,0.0,1.84055641022e-11,-2.9228870454599996e-25,1.72318246256e-11
9.69999214414e-09,0.0,0.0,-1.3327180157e-07,2.02193953713e-11,2.61216469994e-27,0.0,1.84062748696e-11,-2.64598353881e-25,1.72149753947e-11
9.80000278656e-09,0.0,0.0,-1.340405566e-07,2.02149540935e-11,2.8723000232400002e-27,0.0,1.84068198626e-11,-2.40124578092e-25,1.71980123992e-11
9.89999948201e-09,0.0,0.0,-1.34680172583e-07,2.02313742383e-11,2.97897128016e-27,0.0,1.84073515915e-11,-2.18923959039e-25,1.7179804424e-11
9.99999469984e-09,0.0,0.0,-1.35315250255e-07,2.02312786715e-11,3.10753994249e-27,0.0,1.84078545623e-11,-2.0111752869899998e-25,1.71614161993e-11
1.01000029648e-08,0.0,0.0,-1.35868887235e-07,2.02162125166e-11,3.23919127529e-27,0.0,1.84082669292e-11,-1.8689486531699999e-25,1.71437995891e-11
1.0199998361e-08,0.0,0.0,-1.36443734699e-07,2.02321730872e-11,2.7399629053e-27,0.0,1.84088289604e-11,-1.76549489398e-25,1.71269725726e-11
1.0299992897e-08,0.0,0.0,-1.37009147042e-07,2.02379690963e-11,2.17502430788e-27,0.0,1.84097183219e-11,-1.7045716072599999e-25,1.71113161879e-11
1.03999952792e-08,0.0,0.0,-1.37579259324e-07,2.02295314657e-11,1.55804222694e-27,0.0,1.84107289387e-11,-1.689481718e-25,1.70978747602e-11
1.05000056694e-08,0.0,0.0,-1.38119286847e-07,2.02337229305e-11,8.90241339343e-28,0.0,1.84119008543e-11,-1.7210179939e-25,1.70867865606e-11
1.06000060911e-08,0.0,0.0,-1.38679666173e-07,2.02474714566e-11,1.21832817013e-28,0.0,1.84134229092e-11,-1.7951116980899998e-25,1.70771109342e-11
1.07000052077e-08,0.0,0.0,-1.39265381856e-07,2.02467616024e-11,-4.33761081802e-28,0.0,1.8415177427e-11,-1.9036532235699998e-25,1.70695195403e-11
1.08000039816e-08,0.0,0.0,-1.39814243199e-07,2.02378468669e-11,-8.9996735868e-28,0.0,1.84169866566e-11,-2.0305727550199999e-25,1.7064121355e-11
1.09000010638e-08,0.0,0.0,-1.40397474719e-07,2.02580311217e-11,-1.1183518612800001e-27,0.0,1.84188986432e-11,-2.151795904e-25,1.70596860651e-11
1.09999946487e-08,0.0,0.0,-1.409570087e-07,2.02647377996e-11,-1.24067619555e-27,0.0,1.84209473556e-11,-2.23977707622e-25,1.70565768365e-11
1.11000049132e-08,0.0,0.0,-1.41505270117e-07,2.02573399482e-11,-1.26818414445e-27,0.0,1.84229827477e-11,-2.26846589884e-25,1.70550337344e-11
1.11999974567e-08,0.0,0.0,-1.42249380569e-07,2.02658426204e-11,-1.20314090894e-27,0.0,1.84250179445e-11,-2.2189535342199997e-25,1.70546145979e-11
1.13000082144e-08,0.0,0.0,-1.4215793309e-07,2.02843729337e-11,-1.07530670264e-27,0.0,1.84270378542e-11,-2.08341524207e-25,1.70544136404e-11
1.14000006486e-08,0.0,0.0,-1.43312185225e-07,2.02787746425e-11,-1.07085147824e-27,0.0,1.84290773828e-11,-1.87044821829e-25,1.70552401088e-11
1.15000037483e-08,0.0,0.0,-1.43992937197e-07,2.02711505831e-11,-1.0937975409800001e-27,0.0,1.84310814332e-11,-1.59847635354e-25,1.70571706282e-11
1.160000004e-08,0.0,0.0,-1.44966452387e-07,2.0287071885e-11,-1.05116917819e-27,0.0,1.84330161465e-11,-1.28844319124e-25,1.70589098075e-11
1.17000072684e-08,0.0,0.0,-1.4506486265e-07,2.02971521492e-11,-1.04749729138e-27,0.0,1.84349782188e-11,-9.65720919841e-26,1.70610557466e-11
1.18000052907e-08,0.0,0.0,-1.45442244567e-07,2.0291419948e-11,-1.06803703924e-27,0.0,1.84369019065e-11,-6.49900605723e-26,1.70639150981e-11
1.19000016511e-08,0.0,0.0,-1.467229023e-07,2.02943498872e-11,-9.93581623013e-28,0.0,1.84388027959e-11,-3.5432964632999997e-26,1.70671899573e-11
1.20000007681e-08,0.0,0.0,-1.46816413074e-07,2.03113536494e-11,-8.6097671155e-28,0.0,1.84406569903e-11,-8.78600235916e-27,1.70699801654e-11
1.20999958367e-08,0.0,0.0,-1.47423875413e-07,2.0310853108e-11,-7.580013525870001e-28,0.0,1.84425427004e-11,1.52885727392e-26,1.70732243972e-11
1.21999914925e-08,0.0,0.0,-1.47993852012e-07,2.03014197938e-11,-6.50218095203e-28,0.0,1.84444109662e-11,3.6702515441500004e-26,1.70770913967e-11
1.22999932218e-08,0.0,0.0,-1.48598212351e-07,2.03208215541e-11,-5.043193863070001e-28,0.0,1.84462103854e-11,5.54863259995e-26,1.70804068491e-11
1.23999955128e-08,0.0,0.0,-1.4919574487e-07,2.03276770799e-11,-3.5727901271200002e-28,0.0,1.84480333084e-11,7.14016106667e-26,1.70836136679e-11
1.24999945759e-08,0.0,0.0,-1.49794266042e-07,2.03215635282e-11,-2.50657874692e-28,0.0,1.84498275981e-11,8.4230277662e-26,1.70871544155e-11
1.2599999913e-08,0.0,0.0,-1.5038240065e-07,2.03255745471e-11,-1.7324171904400001e-28,0.0,1.84515872003e-11,9.393400432199999e-26,1.70909083014e-11
1.26999976915e-08,0.0,0.0,-1.50983579106e-07,2.03393242192e-11,-1.2444732386300001e-28,0.0,1.84532723644e-11,1.00584177338e-25,1.70937953958e-11
1.27999948657e-08,0.0,0.0,-1.51830876095e-07,2.033793162e-11,-9.78938400339e-29,0.0,1.84549680234e-11,1.04381762671e-25,1.70967706257e-11
1.28999909934e-08,0.0,0.0,-1.52468230968e-07,2.0326047744e-11,-1.0344951909900001e-28,0.0,1.84565987803e-11,1.05656381255e-25,1.7100046588e-11
1.30000006526e-08,0.0,0.0,-1.52628231154e-07,2.03467697764e-11,-1.57781331208e-28,0.0,1.84581348556e-11,1.04805518318e-25,1.7102834278e-11
1.30999928076e-08,0.0,0.0,-1.53447722986e-07,2.03527970959e-11,-2.3437109068400003e-28,0.0,1.84596352806e-11,1.0227752448000001e-25,1.7105036347e-11
1.31999942531e-08,0.0,0.0,-1.54284834617e-07,2.03461405497e-11,-2.94463325717e-28,0.0,1.84610765947e-11,9.8512901693e-26,1.71073317934e-11
1.33000078729e-08,0.0,0.0,-1.54965969518e-07,2.03410994867e-11,-4.0265667794500004e-28,0.0,1.84624373216e-11,9.390966436810001e-26,1.71098355178e-11
1.34000034735e-08,0.0,0.0,-1.54819273896e-07,2.03633132578e-11,-5.12709883024e-28,0.0,1.84636837295e-11,8.88160182453e-26,1.7111357394e-11
1.35000000686e-08,0.0,0.0,-1.56402008766e-07,2.03574235196e-11,-6.111737981440001e-28,0.0,1.84649180387e-11,8.353362355790001e-26,1.71126974879e-11
1.36000055258e-08,0.0,0.0,-1.55588222692e-07,2.03610805558e-11,-6.80374042265e-28,0.0,1.84660346866e-11,7.82961442234e-26,1.7114136554e-11
1.37000020074e-08,0.0,0.0,-1.5749492755e-07,2.03555270195e-11,-6.8957048916e-28,0.0,1.84670552237e-11,7.330553706000001e-26,1.71154081687e-11
1.37999914268e-08,0.0,0.0,-1.58071109375e-07,2.03664143217e-11,-6.444188969090001e-28,0.0,1.84679776591e-11,6.8749572263e-26,1.71157526384e-11
1.39000029092e-08,0.0,0.0,-1.58498068421e-07,2.03671787911e-11,-6.08085706445e-28,0.0,1.84688609537e-11,6.47939138276e-26,1.71160752076e-11
1.39999932862e-08,0.0,0.0,-1.59039871014e-07,2.03535065851e-11,-5.617058056390001e-28,0.0,1.84696476005e-11,6.16421471822e-26,1.71166037214e-11
1.41000036942e-08,0.0,0.0,-1.5948027735e-07,2.03710859258e-11,-7.53328946049e-28,0.0,1.84703115533e-11,5.96004301395e-26,1.71164405518e-11
1.42000037056e-08,0.0,0.0,-1.59775770852e-07,2.03800504279e-11,-9.500830340310001e-28,0.0,1.84709285565e-11,5.89903906915e-26,1.7115696542e-11
1.43000061864e-08,0.0,0.0,-1.61407895442e-07,2.03656045666e-11,-1.1289319805100001e-27,0.0,1.84714855585e-11,6.02697363288e-26,1.71150618363e-11
1.44000005698e-08,0.0,0.0,-1.61151981768e-07,2.03673242163e-11,-1.34381726313e-27,0.0,1.84719651222e-11,6.4020758924e-26,1.711465549e-11
1.4499992994e-08,0.0,0.0,-1.61945604121e-07,2.03791343234e-11,-1.62626407868e-27,0.0,1.84723492718e-11,7.0976249597e-26,1.71133243842e-11
1.45999985133e-08,0.0,0.0,-1.62939298671e-07,2.03778898677e-11,-1.86352807138e-27,0.0,1.84727266161e-11,8.19407392139e-26,1.71118092045e-11
1.46999927763e-08,0.0,0.0,-1.62561727591e-07,2.03777563674e-11,-2.05060818506e-27,0.0,1.8473033776e-11,9.779861018920001e-26,1.71105126022e-11
1.48000018918e-08,0.0,0.0,-1.63740315128e-07,2.03734048273e-11,-2.07675703581e-27,0.0,1.84732785108e-11,1.19448916446e-25,1.71092972065e-11
1.49000084539e-08,0.0,0.0,-1.64351715186e-07,2.03840174301e-11,-1.95010012481e-27,0.0,1.84734760352e-11,1.47679968835e-25,1.71072314795e-11
1.49999950307e-08,0.0,0.0,-1.64960719701e-07,2.03834558299e-11,-1.8239165094900002e-27,0.0,1.84736703384e-11,1.8294277309e-25,1.71052006702e-11
1.50999964604e-08,0.0,0.0,-1.65642697907e-07,2.03702671657e-11,-1.67837750294e-27,0.0,1.84737929262e-11,2.25221277776e-25,1.71034853959e-11
1.51999955163e-08,0.0,0.0,-1.65357741645e-07,2.03859117079e-11,-1.4818971154e-27,0.0,1.8473865396e-11,2.7400337143099997e-25,1.71016190022e-11
1.52999943827e-08,0.0,0.0,-1.65843952021e-07,2.03937741578e-11,-1.30253187889e-27,0.0,1.84739261613e-11,3.28321146692e-25,1.70990957843e-11
1.53999997613e-08,0.0,0.0,-1.67897115587e-07,2.03774270992e-11,-1.2055024819100001e-27,0.0,1.8473971754e-11,3.8685141541099997e-25,1.70967374374e-11
1.54999947371e-08,0.0,0.0,-1.67383525355e-07,2.03728920141e-11,-1.1582213620200001e-27,0.0,1.84739525378e-11,4.48256963716e-25,1.70947563895e-11
1.55999956513e-08,0.0,0.0,-1.67893130952e-07,2.03862455935e-11,-1.17797166174e-27,0.0,1.84738957897e-11,5.114878738879999e-25,1.70923625812e-11
1.57000094529e-08,0.0,0.0,-1.68354764809e-07,2.03918181357e-11,-1.18270403284e-27,0.0,1.84738437642e-11,5.76087595682e-25,1.70895222543e-11
1.58000037035e-08,0.0,0.0,-1.68840620523e-07,2.03867901593e-11,-1.22105362562e-27,0.0,1.84737629175e-11,6.42281470917e-25,1.70869187746e-11
1.58999999562e-08,0.0,0.0,-1.69928231924e-07,2.03707486936e-11,-1.24842325903e-27,0.0,1.84736244635e-11,7.10907911043e-25,1.70847239727e-11
1.59999911245e-08,0.0,0.0,-1.70492847761e-07,2.0383504198e-11,-1.26080801457e-27,0.0,1.84734626291e-11,7.8300597033099995e-25,1.70819097651e-11
1.60999902857e-08,0.0,0.0,-1.71041159275e-07,2.03862652332e-11,-1.2893109835e-27,0.0,1.84733113892e-11,8.59565519766e-25,1.70788463295e-11
1.62000014072e-08,0.0,0.0,-1.71847758108e-07,2.03763201541e-11,-1.28606647576e-27,0.0,1.84731197111e-11,9.40927488089e-25,1.70760725252e-11
1.63000086989e-08,0.0,0.0,-1.72127498198e-07,2.03708594684e-11,-1.3235684094500001e-27,0.0,1.84728754282e-11,1.0264271975e-24,1.70736759109e-11
1.64000028105e-08,0.0,0.0,-1.72690083483e-07,2.03816618749e-11,-1.42049979108e-27,0.0,1.84726231824e-11,1.11433019557e-24,1.70705792007e-11
1.64999987008e-08,0.0,0.0,-1.73598311578e-07,2.03792336138e-11,-1.58612660999e-27,0.0,1.84723813746e-11,1.2018537289000001e-24,1.70673678997e-11
1.66000017336e-08,0.0,0.0,-1.74338762917e-07,2.03685434066e-11,-1.80175907321e-27,0.0,1.84720893573e-11,1.2854963171100001e-24,1.70644772889e-11
1.66999966848e-08,0.0,0.0,-1.73869981433e-07,2.03722561494e-11,-2.05595873577e-27,0.0,1.84717502903e-11,1.36163307759e-24,1.70619077232e-11
1.67999914279e-08,0.0,0.0,-1.75322710629e-07,2.03737215822e-11,-2.33996457885e-27,0.0,1.84714160987e-11,1.42708739043e-24,1.70586262677e-11
1.69000081795e-08,0.0,0.0,-1.75535206134e-07,2.03765274124e-11,-2.62256607394e-27,0.0,1.8471089291e-11,1.4794953251500001e-24,1.70553098715e-11
1.70000091475e-08,0.0,0.0,-1.76330438383e-07,2.03637657689e-11,-2.88493715533e-27,0.0,1.84707055107e-11,1.5174930806200001e-24,1.70523203421e-11
1.70999965678e-08,0.0,0.0,-1.76918148948e-07,2.03598510499e-11,-3.07134937862e-27,0.0,1.84702812599e-11,1.54072434648e-24,1.70496063044e-11
1.71999987644e-08,0.0,0.0,-1.76506999207e-07,2.03760029041e-11,-3.16806860013e-27,0.0,1.84698687642e-11,1.54959413472e-24,1.70461912969e-11
1.72999975957e-08,0.0,0.0,-1.7802441765e-07,2.03663173578e-11,-3.23234633312e-27,0.0,1.84694630166e-11,1.54487459812e-24,1.70427929369e-11
1.73999964974e-08,0.0,0.0,-1.77843717104e-07,2.03619595495e-11,-3.26330625078e-27,0.0,1.84689964605e-11,1.52765582011e-24,1.70397384671e-11
1.74999964974e-08,0.0,0.0,-1.78576961342e-07,2.03571441383e-11,-3.25386945096e-27,0.0,1.84684978275e-11,1.49919327442e-24,1.70369532328e-11
1.75999964974e-08,0.0,0.0,-1.7911829965e-07,2.03642324131e-11,-3.20922933633e-27,0.0,1.84680192073e-11,1.46079669664e-24,1.70335164304e-11
1.76999964974e-08,0.0,0.0,-1.80023341854e-07,2.03584939929e-11,-3.1479411993700002e-27,0.0,1.84675486224e-11,1.41384474317e-24,1.70301627157e-11
1.77999964974e-08,0.0,0.0,-1.80755765828e-07,2.03452667759e-11,-3.07737964853e-27,0.0,1.84670166555e-11,1.35972579181e-24,1.70271768783e-11
1.78999964974e-08,0.0,0.0,-1.81126288922e-07,2.03444976025e-11,-3.00603576396e-27,0.0,1.84664556673e-11,1.2998875518e-24,1.70244539852e-11
1.79999964974e-08,0.0,0.0,-1.81682570412e-07,2.03510203222e-11,-2.97793042726e-27,0.0,1.84659176922e-11,1.23582229308e-24,1.70210954471e-11
1.80999964974e-08,0.0,0.0,-1.8173819401e-07,2.03528336273e-11,-2.97947525144e-27,0.0,1.84653872048e-11,1.16888612389e-24,1.70178210081e-11
1.81999964974e-08,0.0,0.0,-1.82432744786e-07,2.03401500487e-11,-3.01441546654e-27,0.0,1.84647956109e-11,1.1004065266e-24,1.70149076162e-11
1.82999964974e-08,0.0,0.0,-1.83217643026e-07,2.0334453641e-11,-3.14056818746e-27,0.0,1.84641764313e-11,1.03162296714e-24,1.7012272188e-11
1.83999964974e-08,0.0,0.0,-1.83769107211e-07,2.03407957504e-11,-3.30375596671e-27,0.0,1.84635815453e-11,9.63672120745e-25,1.70090096929e-11
1.84999964974e-08,0.0,0.0,-1.8381443229e-07,2.03426336844e-11,-3.46910019391e-27,0.0,1.84629949816e-11,8.97407192038e-25,1.70058207733e-11
1.85999964974e-08,0.0,0.0,-1.83750745208e-07,2.03371581879e-11,-3.60233898407e-27,0.0,1.84623492216e-11,8.33527854912e-25,1.70029850058e-11
1.86999964974e-08,0.0,0.0,-1.84586755227e-07,2.03294749571e-11,-3.71076927428e-27,0.0,1.8461675388e-11,7.725576228000001e-25,1.70004587361e-11
1.87999964973e-08,0.0,0.0,-1.84959816905e-07,2.03372861963e-11,-3.74903461514e-27,0.0,1.84610259291e-11,7.1489847398e-25,1.69973156642e-11
1.88999964973e-08,0.0,0.0,-1.8587150016e-07,2.03317910652e-11,-3.76731485373e-27,0.0,1.84603869286e-11,6.60730026095e-25,1.69942168683e-11
1.89999964973e-08,0.0,0.0,-1.86379420877e-07,2.03213676114e-11,-3.71545415626e-27,0.0,1.84596928469e-11,6.101098068379999e-25,1.69914582905e-11
1.90999964973e-08,0.0,0.0,-1.86881971297e-07,2.0314876633e-11,-3.56277435962e-27,0.0,1.84589684916e-11,5.63055230703e-25,1.69890641448e-11
1.91999964973e-08,0.0,0.0,-1.87407447197e-07,2.03217913412e-11,-3.28517443107e-27,0.0,1.84582672407e-11,5.195429210019999e-25,1.69860726009e-11
1.92999964973e-08,0.0,0.0,-1.87909842012e-07,2.03204603402e-11,-3.00214233102e-27,0.0,1.84575787026e-11,4.79485023154e-25,1.69830666468e-11
1.93999964973e-08,0.0,0.0,-1.88276589724e-07,2.03121805838e-11,-2.72614472437e-27,0.0,1.84568416954e-11,4.42803489147e-25,1.69803871376e-11
1.94999964973e-08,0.0,0.0,-1.88909900045e-07,2.03016253857e-11,-2.51891289667e-27,0.0,1.84560726913e-11,4.0946563464799996e-25,1.69781230211e-11
1.95999964973e-08,0.0,0.0,-1.89433505588e-07,2.03092016689e-11,-2.48651123484e-27,0.0,1.84553213212e-11,3.79476270178e-25,1.69753057586e-11
1.96999964973e-08,0.0,0.0,-1.89933884203e-07,2.03087549195e-11,-2.4290987264000002e-27,0.0,1.84545869922e-11,3.52879654368e-25,1.69724003849e-11
1.97999964973e-08,0.0,0.0,-1.90466549604e-07,2.03001714013e-11,-2.44290738956e-27,0.0,1.84538129064e-11,3.2984844322599997e-25,1.69698022339e-11
1.98999964973e-08,0.0,0.0,-1.90920540719e-07,2.02876150595e-11,-2.5079923317e-27,0.0,1.84530061642e-11,3.10622697593e-25,1.69676511572e-11
1.99999964973e-08,0.0,0.0,-1.91442547683e-07,2.02960953207e-11,-2.54964641115e-27,0.0,1.84522069173e-11,2.9549726994299997e-25,1.69650481109e-11
2.00999964973e-08,0.0,0.0,-1.91942903612e-07,2.02967194807e-11,-2.58176515856e-27,0.0,1.8451430723e-11,2.84924272961e-25,1.69622578844e-11
2.01999964973e-08,0.0,0.0,-1.92439766628e-07,2.02894665435e-11,-2.6512751341e-27,0.0,1.84506254307e-11,2.79389774005e-25,1.69597425168e-11
2.02999964973e-08,0.0,0.0,-1.93043718191e-07,2.02754792788e-11,-2.70477149923e-27,0.0,1.84497867511e-11,2.7939725335e-25,1.6957664668e-11
2.03999964973e-08,0.0,0.0,-1.93435398283e-07,2.02825516848e-11,-2.36114726908e-27,0.0,1.84489448472e-11,2.85331645926e-25,1.6955334849e-11
2.04999964973e-08,0.0,0.0,-1.93936295094e-07,2.02844674375e-11,-1.99550863122e-27,0.0,1.8448130825e-11,2.97515979617e-25,1.69526800289e-11
2.05999964973e-08,0.0,0.0,-1.94429042272e-07,2.02787184713e-11,-1.62715833352e-27,0.0,1.8447300436e-11,3.16020291761e-25,1.695025079e-11
2.06999964973e-08,0.0,0.0,-1.95095771565e-07,2.02634150718e-11,-1.23261599887e-27,0.0,1.84464352964e-11,3.40520994815e-25,1.69482263719e-11
2.07999964973e-08,0.0,0.0,-1.95412743208e-07,2.02686231253e-11,-8.394766079560001e-28,0.0,1.8445557588e-11,3.7017431115000003e-25,1.69461929172e-11
2.08999964973e-08,0.0,0.0,-1.95914741255e-07,2.02720396596e-11,-5.250163136680001e-28,0.0,1.84447098526e-11,4.03735088349e-25,1.69437003675e-11
2.09999964973e-08,0.0,0.0,-1.96402746224e-07,2.02679874573e-11,-2.10056822768e-28,0.0,1.84438635905e-11,4.3968597265299995e-25,1.694137111e-11
2.10999964973e-08,0.0,0.0,-1.96882509039e-07,2.02564285577e-11,-1.57424484151e-29,0.0,1.84429741231e-11,4.7626544467399995e-25,1.69393967481e-11
2.11999964973e-08,0.0,0.0,-1.9737459783e-07,2.02543118907e-11,5.48878329036e-29,0.0,1.84420692627e-11,5.11646358754e-25,1.69376389714e-11
2.12999964973e-08,0.0,0.0,-1.97879142407e-07,2.02594152426e-11,-2.3425007667599998e-29,0.0,1.84411918319e-11,5.44155359298e-25,1.69353440168e-11
2.13999964973e-08,0.0,0.0,-1.98360966927e-07,2.0257243175e-11,-1.27466395273e-28,0.0,1.84403321869e-11,5.72479468786e-25,1.69331232069e-11
2.14999964973e-08,0.0,0.0,-1.98844622603e-07,2.02477520485e-11,-2.87854643816e-28,0.0,1.84394271326e-11,5.95655357813e-25,1.69312098771e-11
2.15999964973e-08,0.0,0.0,-1.99554110145e-07,2.02374006298e-11,-4.79075418462e-28,0.0,1.84385051844e-11,6.1306068802e-25,1.69296756731e-11
2.16999964973e-08,0.0,0.0,-1.9982389385e-07,2.02465672579e-11,-6.8348106354300005e-28,0.0,1.84376019994e-11,6.24357315425e-25,1.69276317467e-11
2.17999964973e-08,0.0,0.0,-2.00312878958e-07,2.02464196604e-11,-8.98017449869e-28,0.0,1.84367235075e-11,6.29336616317e-25,1.69255230216e-11
2.18999964973e-08,0.0,0.0,-2.008191744e-07,2.02390616393e-11,-1.0483896361e-27,0.0,1.84358189257e-11,6.27896276105e-25,1.6923688066e-11
2.19999964973e-08,0.0,0.0,-2.01711165431e-07,2.02221820998e-11,-1.14402949698e-27,0.0,1.84348915109e-11,6.19975303479e-25,1.69222669243e-11
2.20999964973e-08,0.0,0.0,-2.02053479382e-07,2.02307775809e-11,-1.2440733698100001e-27,0.0,1.84339662259e-11,6.05482011107e-25,1.6920571081e-11
2.21999964973e-08,0.0,0.0,-2.0225300146e-07,2.02354029985e-11,-1.33688778338e-27,0.0,1.84330727914e-11,5.84313208391e-25,1.69186065189e-11
2.22999964973e-08,0.0,0.0,-2.02730256471e-07,2.02304239518e-11,-1.41927822132e-27,0.0,1.8432175831e-11,5.563912523059999e-25,1.69168554864e-11
2.23999964973e-08,0.0,0.0,-2.0319867352e-07,2.02179728046e-11,-1.4732234471100001e-27,0.0,1.84312465399e-11,5.21653284415e-25,1.69154647679e-11
2.24999964973e-08,0.0,0.0,-2.03936778897e-07,2.021757863e-11,-1.54451887585e-27,0.0,1.84303100154e-11,4.80152911521e-25,1.69141539291e-11
2.25999964973e-08,0.0,0.0,-2.04225021496e-07,2.02237367627e-11,-1.6326365976e-27,0.0,1.84294046286e-11,4.32096494343e-25,1.69123749397e-11
2.26999964973e-08,0.0,0.0,-2.04650596642e-07,2.02216386095e-11,-1.74750236695e-27,0.0,1.84285205995e-11,3.77936945103e-25,1.69107238187e-11
2.27999964973e-08,0.0,0.0,-2.05123835018e-07,2.02122810656e-11,-1.84241270359e-27,0.0,1.84275939695e-11,3.1848380557799997e-25,1.69093691891e-11
2.28999964973e-08,0.0,0.0,-2.0532978183e-07,2.02076487168e-11,-1.9331163826e-27,0.0,1.84266580764e-11,2.5497447858e-25,1.69083456735e-11
2.29999964973e-08,0.0,0.0,-2.05795293409e-07,2.02151671606e-11,-2.00351061565e-27,0.0,1.84257440353e-11,1.8910253413099999e-25,1.69068251348e-11
2.30999964973e-08,0.0,0.0,-2.06569007599e-07,2.02125397887e-11,-2.05980158511e-27,0.0,1.84248594694e-11,1.22915293968e-25,1.69052706074e-11
2.31999964973e-08,0.0,0.0,-2.07039869787e-07,2.02058849827e-11,-2.12449198417e-27,0.0,1.84239570857e-11,5.87889800487e-26,1.69039768025e-11
2.32999964973e-08,0.0,0.0,-2.07951136811e-07,2.01908410733e-11,-2.16577668358e-27,0.0,1.8423034731e-11,-7.08222956444e-28,1.6903065091e-11
2.33999964973e-08,0.0,0.0,-2.08169588986e-07,2.01981099127e-11,-2.17293924527e-27,0.0,1.84221155571e-11,-5.30207272015e-26,1.6901938721e-11
2.34999964973e-08,0.0,0.0,-2.0880552108e-07,2.02000964884e-11,-2.15103614569e-27,0.0,1.84212317525e-11,-9.57356759448e-26,1.6900524636e-11
2.35999964973e-08,0.0,0.0,-2.08940687847e-07,2.01991833215e-11,-2.09486586999e-27,0.0,1.84203610263e-11,-1.26733157183e-25,1.68993043956e-11
2.36999964973e-08,0.0,0.0,-2.09401694655e-07,2.01888368414e-11,-2.03268344418e-27,0.0,1.84194527492e-11,-1.44237975506e-25,1.68984024888e-11
2.37999964973e-08,0.0,0.0,-2.09876210145e-07,2.01874528838e-11,-1.9546813106e-27,0.0,1.84185414178e-11,-1.4689050662599999e-25,1.68976739519e-11
2.38999964973e-08,0.0,0.0,-2.1045205421e-07,2.01927433826e-11,-1.88470204754e-27,0.0,1.84176592225e-11,-1.3377588108499999e-25,1.68964616705e-11
2.39999964973e-08,0.0,0.0,-2.10836046792e-07,2.01919249601e-11,-1.80760296788e-27,0.0,1.84168068693e-11,-1.04524258151e-25,1.68953186001e-11
2.40999964973e-08,0.0,0.0,-2.11299649616e-07,2.01845860315e-11,-1.71776784939e-27,0.0,1.84159318068e-11,-5.9370823061e-26,1.68944462794e-11
2.41999964973e-08,0.0,0.0,-2.11805071812e-07,2.01731467343e-11,-1.65419400649e-27,0.0,1.8415042222e-11,7.269109366540001e-28,1.68939414822e-11
2.42999964973e-08,0.0,0.0,-2.1248607126e-07,2.01797326137e-11,-1.69823039987e-27,0.0,1.84141637015e-11,7.40807907475e-26,1.68930672209e-11
2.43999964973e-08,0.0,0.0,-2.13015501153e-07,2.01811232311e-11,-1.76941412745e-27,0.0,1.84133223085e-11,1.58292360599e-25,1.68920305981e-11
2.44999964973e-08,0.0,0.0,-2.13181961746e-07,2.01797138807e-11,-1.86422543929e-27,0.0,1.84124925209e-11,2.50401955122e-25,1.68912069101e-11
2.45999964973e-08,0.0,0.0,-2.13635891942e-07,2.01692605334e-11,-1.99465773007e-27,0.0,1.84116281248e-11,3.47193783103e-25,1.68906996865e-11
2.46999964973e-08,0.0,0.0,-2.14093031554e-07,2.0170077913e-11,-2.10154897255e-27,0.0,1.84107640103e-11,4.45535905817e-25,1.68902800632e-11
2.47999964973e-08,0.0,0.0,-2.14562719583e-07,2.01749992353e-11,-2.1885845906100002e-27,0.0,1.84099321587e-11,5.4267945996099995e-25,1.68894130767e-11
2.48999964973e-08,0.0,0.0,-2.15059958813e-07,2.01739457205e-11,-2.30048190666e-27,0.0,1.84091317149e-11,6.3652271273e-25,1.68886451793e-11
2.49999964973e-08,0.0,0.0,-2.15516232551e-07,2.01667807201e-11,-2.4099933067e-27,0.0,1.84083111984e-11,7.25625654423e-25,1.68881439926e-11
2.50999964973e-08,0.0,0.0,-2.15961334039e-07,2.01568553792e-11,-2.4685530343e-27,0.0,1.84074763387e-11,8.0928146739899995e-25,1.68879882232e-11
2.51999964973e-08,0.0,0.0,-2.16669787517e-07,2.01630824365e-11,-2.33752813141e-27,0.0,1.84066546392e-11,8.87302194432e-25,1.68874440671e-11
2.52999964973e-08,0.0,0.0,-2.17241073865e-07,2.01644143856e-11,-2.16088924821e-27,0.0,1.84058716777e-11,9.59943440949e-25,1.68867623628e-11
2.53999964973e-08,0.0,0.0,-2.17532061642e-07,2.01620486635e-11,-1.95292939666e-27,0.0,1.84051080823e-11,1.02759775567e-24,1.688629486e-11
2.54999964973e-08,0.0,0.0,-2.17832957879e-07,2.01535110012e-11,-1.73202409664e-27,0.0,1.84043052251e-11,1.09066125273e-24,1.68861175709e-11
2.55999964973e-08,0.0,0.0,-2.18372455878e-07,2.01528879786e-11,-1.51031879311e-27,0.0,1.84035048629e-11,1.149437389e-24,1.68860481504e-11
2.56999964973e-08,0.0,0.0,-2.19041837689e-07,2.01567275927e-11,-1.29936841732e-27,0.0,1.84027360716e-11,1.2040631578900001e-24,1.68855305646e-11
2.57999964973e-08,0.0,0.0,-2.19578111158e-07,2.01557328137e-11,-1.08168578119e-27,0.0,1.8402001542e-11,1.25465062046e-24,1.68850958363e-11
2.58999964973e-08,0.0,0.0,-2.19692973539e-07,2.01522748361e-11,-8.89933591249e-28,0.0,1.84012574245e-11,1.3012489407000001e-24,1.68849109465e-11
2.59999964973e-08,0.0,0.0,-2.20389180111e-07,2.0139980244e-11,-7.80470540863e-28,0.0,1.84004930631e-11,1.34390592335e-24,1.68850630748e-11
2.60999964973e-08,0.0,0.0,-2.20619097487e-07,2.01493706679e-11,-7.812316382980001e-28,0.0,1.83997389088e-11,1.3827756738700001e-24,1.68849044806e-11
2.61999964973e-08,0.0,0.0,-2.21064907985e-07,2.01522837724e-11,-8.269885005040001e-28,0.0,1.83990242597e-11,1.4181938797400001e-24,1.68845398023e-11
2.62999964973e-08,0.0,0.0,-2.21543630667e-07,2.01496108379e-11,-8.89523319038e-28,0.0,1.83983374276e-11,1.4506181223100001e-24,1.68843727703e-11
2.63999964973e-08,0.0,0.0,-2.21989367964e-07,2.0141150099e-11,-9.81288147907e-28,0.0,1.83976166595e-11,1.48058646274e-24,1.68844713199e-11
2.64999964973e-08,0.0,0.0,-2.22440947688e-07,2.01380330727e-11,-1.07103425721e-27,0.0,1.83968913732e-11,1.5085989435e-24,1.68847755759e-11
2.65999964973e-08,0.0,0.0,-2.22727546571e-07,2.01460562748e-11,-1.1533363496400001e-27,0.0,1.83961925458e-11,1.53508577031e-24,1.68846052622e-11
2.66999964973e-08,0.0,0.0,-2.23021249666e-07,2.01477540217e-11,-1.24907316702e-27,0.0,1.83955313506e-11,1.56026473074e-24,1.68844561523e-11
2.67999964973e-08,0.0,0.0,-2.23427395165e-07,2.01437476474e-11,-1.3329190449200001e-27,0.0,1.83948807926e-11,1.58414927156e-24,1.6884542844e-11
2.68999964973e-08,0.0,0.0,-2.24270411499e-07,2.01301530857e-11,-1.37555846136e-27,0.0,1.83941958379e-11,1.60664131762e-24,1.68849230137e-11
2.69999964972e-08,0.0,0.0,-2.24681516631e-07,2.01351411557e-11,-1.4893782522000001e-27,0.0,1.83935169023e-11,1.6276054494900001e-24,1.68852160185e-11
2.70999964972e-08,0.0,0.0,-2.24985981736e-07,2.01408802499e-11,-1.60742534736e-27,0.0,1.83928746252e-11,1.64689337401e-24,1.68851544908e-11
2.71999964972e-08,0.0,0.0,-2.25345879076e-07,2.01405323951e-11,-1.72384100493e-27,0.0,1.83922652475e-11,1.66432390041e-24,1.68852327087e-11
2.72999964972e-08,0.0,0.0,-2.26027918434e-07,2.01320830707e-11,-1.8317036664000003e-27,0.0,1.83916445739e-11,1.67976850074e-24,1.68855591472e-11
2.73999964972e-08,0.0,0.0,-2.26545164444e-07,2.0122659088e-11,-1.95432930366e-27,0.0,1.83910027219e-11,1.69306335785e-24,1.68861892839e-11
2.74999964972e-08,0.0,0.0,-2.27010811388e-07,2.01307329162e-11,-2.27032367453e-27,0.0,1.83903761665e-11,1.70400757841e-24,1.68864146056e-11
2.75999964972e-08,0.0,0.0,-2.27522015023e-07,2.01332323583e-11,-2.58092904691e-27,0.0,1.83897892473e-11,1.71211642968e-24,1.68865090244e-11
2.76999964972e-08,0.0,0.0,-2.2792106564e-07,2.01306293901e-11,-2.86938681331e-27,0.0,1.83892300943e-11,1.71675450757e-24,1.68868100739e-11
2.77999964972e-08,0.0,0.0,-2.28368126066e-07,2.01225801495e-11,-3.15434294996e-27,0.0,1.83886401453e-11,1.7172342042000002e-24,1.68873628774e-11
2.78999964972e-08,0.0,0.0,-2.28820131979e-07,2.01201044861e-11,-3.4956121218e-27,0.0,1.83880423887e-11,1.71289512217e-24,1.68880962976e-11
2.79999964972e-08,0.0,0.0,-2.29438608074e-07,2.01252773518e-11,-3.8715590547e-27,0.0,1.83874711073e-11,1.7032165392e-24,1.68883504039e-11
2.80999964972e-08,0.0,0.0,-2.30098504505e-07,2.01251225802e-11,-4.22801340692e-27,0.0,1.83869376352e-11,1.6877487859300002e-24,1.68886283482e-11
2.81999964972e-08,0.0,0.0,-2.30582338391e-07,2.01203977294e-11,-4.59238993815e-27,0.0,1.83864258966e-11,1.66633115372e-24,1.68891498746e-11
2.82999964972e-08,0.0,0.0,-2.30627496957e-07,2.01140501663e-11,-4.87243404195e-27,0.0,1.83858683683e-11,1.6390448998400001e-24,1.68899131708e-11
2.83999964972e-08,0.0,0.0,-2.31072826393e-07,2.01170625632e-11,-5.00900217777e-27,0.0,1.83853176378e-11,1.60624633219e-24,1.68906624258e-11
2.84999964972e-08,0.0,0.0,-2.31560538869e-07,2.01219165848e-11,-5.0519181598000004e-27,0.0,1.83848005768e-11,1.56848360001e-24,1.68910084834e-11
2.85999964972e-08,0.0,0.0,-2.31940042413e-07,2.01217221941e-11,-5.0996533814800004e-27,0.0,1.83843178079e-11,1.52640065563e-24,1.68914621305e-11
2.86999964972e-08,0.0,0.0,-2.32439531246e-07,2.01164786773e-11,-5.1603906269999996e-27,0.0,1.83838401945e-11,1.48073068088e-24,1.68921583126e-11
2.87999964972e-08,0.0,0.0,-2.3286809985e-07,2.0105975977e-11,-5.17529979532e-27,0.0,1.83833271755e-11,1.43227529162e-24,1.68931359931e-11
2.88999964972e-08,0.0,0.0,-2.33338295921e-07,2.01136929221e-11,-4.88081663474e-27,0.0,1.83828251654e-11,1.38194279901e-24,1.68938637698e-11
2.89999964972e-08,0.0,0.0,-2.33805750957e-07,2.01173194841e-11,-4.5653567498e-27,0.0,1.83823603122e-11,1.3306685813300001e-24,1.68943302798e-11
2.90999964972e-08,0.0,0.0,-2.34238231555e-07,2.01159900803e-11,-4.26389588483e-27,0.0,1.83819259698e-11,1.27943339831e-24,1.68949580214e-11
2.91999964972e-08,0.0,0.0,-2.34677085515e-07,2.01097736962e-11,-3.95961189111e-27,0.0,1.83814829754e-11,1.22926498643e-24,1.68958274217e-11
2.92999964972e-08,0.0,0.0,-2.3510742293e-07,2.01023279269e-11,-3.70913878239e-27,0.0,1.83810126161e-11,1.1812413285800001e-24,1.68969684744e-11
2.93999964972e-08,0.0,0.0,-2.35579571825e-07,2.01101172172e-11,-3.50744368108e-27,0.0,1.83805595514e-11,1.13650128092e-24,1.68976855239e-11
2.94999964972e-08,0.0,0.0,-2.36044752594e-07,2.01127198689e-11,-3.31557687455e-27,0.0,1.8380144023e-11,1.09623505834e-24,1.6898281389e-11
2.95999964972e-08,0.0,0.0,-2.36483180327e-07,2.01105049515e-11,-3.0948763477500002e-27,0.0,1.83797556608e-11,1.06168309771e-24,1.68990726118e-11
2.96999964972e-08,0.0,0.0,-2.36903012e-07,2.01034705318e-11,-2.8521327653000002e-27,0.0,1.83793467026e-11,1.03408449071e-24,1.69000994573e-11
2.97999964972e-08,0.0,0.0,-2.37336120193e-07,2.00996068733e-11,-2.72948228804e-27,0.0,1.83789183348e-11,1.01456475257e-24,1.69013363216e-11
2.98999964972e-08,0.0,0.0,-2.3785091754e-07,2.01060760041e-11,-2.6804936713300002e-27,0.0,1.83785127207e-11,1.0040688727700001e-24,1.69020926464e-11
2.99999964972e-08,0.0,0.0,-2.38523378163e-07,2.01065167534e-11,-2.6176939153600002e-27,0.0,1.83781435727e-11,1.00328451132e-24,1.69028196608e-11
3.00999964972e-08,0.0,0.0,-2.39032414374e-07,2.01027318982e-11,-2.54936831615e-27,0.0,1.83777987804e-11,1.01250204228e-24,1.69037664257e-11
3.01999964972e-08,0.0,0.0,-2.39494996481e-07,2.00948010105e-11,-2.47028871879e-27,0.0,1.83774233203e-11,1.0315117624200001e-24,1.69049378619e-11
3.02999964972e-08,0.0,0.0,-2.39557780585e-07,2.00966437686e-11,-2.36917229565e-27,0.0,1.83770363863e-11,1.05956059797e-24,1.69062382056e-11
3.03999964972e-08,0.0,0.0,-2.40026222824e-07,2.01026794375e-11,-2.26124752943e-27,0.0,1.83766751372e-11,1.09533908889e-24,1.690705807e-11
3.04999964972e-08,0.0,0.0,-2.40481479278e-07,2.01038095925e-11,-2.16783632321e-27,0.0,1.83763489496e-11,1.13699739906e-24,1.69079034669e-11
3.05999964972e-08,0.0,0.0,-2.40908122434e-07,2.01003510619e-11,-2.0742459983e-27,0.0,1.83760447931e-11,1.1823129652600001e-24,1.69089779073e-11
3.06999964972e-08,0.0,0.0,-2.41322321903e-07,2.00922095899e-11,-2.00609681472e-27,0.0,1.83757022671e-11,1.22886419471e-24,1.69102715577e-11
3.07999964972e-08,0.0,0.0,-2.41765903391e-07,2.00935082377e-11,-1.91518335512e-27,0.0,1.83753551335e-11,1.27426906636e-24,1.69116230505e-11
3.08999964972e-08,0.0,0.0,-2.42231912818e-07,2.00989338321e-11,-1.83949412602e-27,0.0,1.83750355405e-11,1.31637407491e-24,1.69125183148e-11
3.09999964972e-08,0.0,0.0,-2.42754491747e-07,2.00995086171e-11,-1.81612774894e-27,0.0,1.83747492923e-11,1.3534612929700001e-24,1.6913475225e-11
3.10999964972e-08,0.0,0.0,-2.43105511597e-07,2.00957443934e-11,-1.81500083698e-27,0.0,1.83744832847e-11,1.38427256362e-24,1.69146685203e-11
3.11999964972e-08,0.0,0.0,-2.43516597904e-07,2.00873046268e-11,-1.85040849005e-27,0.0,1.8374173298e-11,1.40803058744e-24,1.69160729787e-11
3.12999964972e-08,0.0,0.0,-2.43962647918e-07,2.00902244783e-11,-1.91754653216e-27,0.0,1.83738635067e-11,1.4244124532e-24,1.69174738692e-11
3.13999964972e-08,0.0,0.0,-2.44481546779e-07,2.00947749167e-11,-1.99059833692e-27,0.0,1.83735824538e-11,1.43345159501e-24,1.69184482488e-11
3.14999964972e-08,0.0,0.0,-2.4501185387e-07,2.00939603585e-11,-2.06213049418e-27,0.0,1.83733331477e-11,1.4354888846000001e-24,1.69195084661e-11
3.15999964972e-08,0.0,0.0,-2.45649669348e-07,2.00888119311e-11,-2.12752853837e-27,0.0,1.83731027723e-11,1.43103146619e-24,1.69208118654e-11
3.16999964972e-08,0.0,0.0,-2.45794545005e-07,2.00822051972e-11,-2.19035040975e-27,0.0,1.83728247472e-11,1.42073440549e-24,1.69223150875e-11
3.17999964972e-08,0.0,0.0,-2.46147932207e-07,2.0086822086e-11,-2.23162033523e-27,0.0,1.8372549782e-11,1.4053605970200001e-24,1.69237706988e-11
3.18999964972e-08,0.0,0.0,-2.46608804499e-07,2.00915488669e-11,-2.2554579636e-27,0.0,1.83723038088e-11,1.38576024895e-24,1.6924822435e-11
3.19999964972e-08,0.0,0.0,-2.47053456627e-07,2.00916896499e-11,-2.2820180165800002e-27,0.0,1.8372088134e-11,1.36292637545e-24,1.69259672427e-11
3.20999964972e-08,0.0,0.0,-2.47470881837e-07,2.00875243465e-11,-2.30934243799e-27,0.0,1.8371890342e-11,1.3378922182400001e-24,1.69273516366e-11
3.21999964972e-08,0.0,0.0,-2.47875190182e-07,2.00789471746e-11,-2.32824371924e-27,0.0,1.83716438938e-11,1.31170036179e-24,1.69289349856e-11
3.22999964972e-08,0.0,0.0,-2.48322055558e-07,2.00833194888e-11,-2.30695559344e-27,0.0,1.83714011485e-11,1.28536931661e-24,1.69304549165e-11
3.23999964972e-08,0.0,0.0,-2.48780493454e-07,2.00879325854e-11,-2.2709040065400002e-27,0.0,1.83711868862e-11,1.25986640058e-24,1.6931581274e-11
3.24999964972e-08,0.0,0.0,-2.49143179372e-07,2.00880886788e-11,-2.23647286324e-27,0.0,1.83710019478e-11,1.23604392851e-24,1.69328016214e-11
3.25999964972e-08,0.0,0.0,-2.49639057126e-07,2.00838908099e-11,-2.18363469069e-27,0.0,1.83708342264e-11,1.21456111598e-24,1.69342589127e-11
3.26999964972e-08,0.0,0.0,-2.50033628065e-07,2.0075454699e-11,-2.1380893575400002e-27,0.0,1.83706187746e-11,1.19582268411e-24,1.69359119524e-11
3.27999964972e-08,0.0,0.0,-2.5048501975e-07,2.00797154746e-11,-2.12320860763e-27,0.0,1.83704054519e-11,1.17995332035e-24,1.69375066631e-11
3.28999964972e-08,0.0,0.0,-2.50963987143e-07,2.00841725692e-11,-2.12634684924e-27,0.0,1.83702195592e-11,1.16678263863e-24,1.69387041795e-11
3.29999964972e-08,0.0,0.0,-2.51650884472e-07,2.00830638436e-11,-2.12409359131e-27,0.0,1.83700624714e-11,1.1558626192e-24,1.69399902456e-11
3.30999964972e-08,0.0,0.0,-2.52134671915e-07,2.00781000044e-11,-2.11768296464e-27,0.0,1.83699223047e-11,1.14654840819e-24,1.69415122114e-11
3.31999964972e-08,0.0,0.0,-2.52627825021e-07,2.00693613354e-11,-2.10550740234e-27,0.0,1.8369737382e-11,1.13808138217e-24,1.69432257856e-11
3.32999964972e-08,0.0,0.0,-2.52636628854e-07,2.00759961383e-11,-2.1691605527400002e-27,0.0,1.83695506282e-11,1.12965978136e-24,1.69449046601e-11
3.33999964972e-08,0.0,0.0,-2.53090010391e-07,2.00808013975e-11,-2.24741943899e-27,0.0,1.83693898096e-11,1.12053987883e-24,1.69461708187e-11
3.34999964972e-08,0.0,0.0,-2.53455171504e-07,2.00812459399e-11,-2.32224428227e-27,0.0,1.83692574595e-11,1.11007876543e-24,1.69475061674e-11
3.35999964972e-08,0.0,0.0,-2.53946933777e-07,2.00774811613e-11,-2.38786497166e-27,0.0,1.83691418839e-11,1.09780030234e-24,1.6949066594e-11
3.36999964972e-08,0.0,0.0,-2.54340596768e-07,2.00697328207e-11,-2.4419912696e-27,0.0,1.83689868873e-11,1.08339519458e-24,1.69508217466e-11
3.37999964972e-08,0.0,0.0,-2.54777035457e-07,2.00721401503e-11,-2.52508901399e-27,0.0,1.83688244569e-11,1.06672899437e-24,1.69525930384e-11
3.38999964972e-08,0.0,0.0,-2.55227938334e-07,2.00772403034e-11,-2.61361396882e-27,0.0,1.83686855469e-11,1.0477704928e-24,1.69539286699e-11
3.39999964972e-08,0.0,0.0,-2.55600516065e-07,2.00780066559e-11,-2.6980369450300002e-27,0.0,1.83685751254e-11,1.02653275795e-24,1.69553050455e-11
3.40999964972e-08,0.0,0.0,-2.56086400517e-07,2.00746267246e-11,-2.7688139212800002e-27,0.0,1.83684817394e-11,1.00310575727e-24,1.69568977173e-11
3.41999964972e-08,0.0,0.0,-2.56476097636e-07,2.00673963229e-11,-2.81994788374e-27,0.0,1.83683562579e-11,9.77630176836e-25,1.69586875863e-11
3.42999964972e-08,0.0,0.0,-2.56906258194e-07,2.00681111106e-11,-2.87109230651e-27,0.0,1.83682155851e-11,9.50290817325e-25,1.69605526811e-11
3.43999964972e-08,0.0,0.0,-2.57355410136e-07,2.00736214676e-11,-2.95793996127e-27,0.0,1.83680956684e-11,9.212736784429999e-25,1.69619628061e-11
3.44999964972e-08,0.0,0.0,-2.57618319189e-07,2.00757119204e-11,-3.01829589635e-27,0.0,1.83680043756e-11,8.90766260973e-25,1.69633727993e-11
3.45999964972e-08,0.0,0.0,-2.57936438272e-07,2.00739010676e-11,-3.08171718291e-27,0.0,1.83679306949e-11,8.58997127463e-25,1.69649905571e-11
3.46999964972e-08,0.0,0.0,-2.58182706217e-07,2.0068222023e-11,-3.14348581092e-27,0.0,1.8367834304e-11,8.2621361253699995e-25,1.69668129043e-11
3.47999964972e-08,0.0,0.0,-2.59024277285e-07,2.00638785588e-11,-3.1686135234600002e-27,0.0,1.83677131064e-11,7.92668937732e-25,1.69687628795e-11
3.48999964972e-08,0.0,0.0,-2.59472940758e-07,2.00698722583e-11,-3.15286795001e-27,0.0,1.83676096931e-11,7.586350813500001e-25,1.69702568765e-11
3.49999964972e-08,0.0,0.0,-2.59914876107e-07,2.00716304589e-11,-3.12157107776e-27,0.0,1.83675347082e-11,7.24420431747e-25,1.69716939426e-11
3.50999964972e-08,0.0,0.0,-2.60335207642e-07,2.00693791038e-11,-3.13321933802e-27,0.0,1.83674781604e-11,6.9033454067e-25,1.69733167613e-11
3.51999964972e-08,0.0,0.0,-2.60727308866e-07,2.00633776324e-11,-3.17085132833e-27,0.0,1.83674103642e-11,6.566938065919999e-25,1.69751526189e-11
3.52999964971e-08,0.0,0.0,-2.61131565706e-07,2.00593908475e-11,-3.12390963871e-27,0.0,1.83673062779e-11,6.23807180701e-25,1.69771674593e-11
3.53999964971e-08,0.0,0.0,-2.61579234131e-07,2.00659770181e-11,-2.90369436894e-27,0.0,1.83672173688e-11,5.92014256145e-25,1.69787628327e-11
3.54999964971e-08,0.0,0.0,-2.62014798057e-07,2.00684347828e-11,-2.69143320943e-27,0.0,1.83671558748e-11,5.61709661789e-25,1.69802283019e-11
3.55999964971e-08,0.0,0.0,-2.624403738e-07,2.00668735089e-11,-2.47559043789e-27,0.0,1.83671141006e-11,5.332748533069999e-25,1.6981852205e-11
3.56999964971e-08,0.0,0.0,-2.62839324217e-07,2.00615864601e-11,-2.25822849302e-27,0.0,1.83670745693e-11,5.0710730730699995e-25,1.69837013592e-11
3.57999964971e-08,0.0,0.0,-2.63344935338e-07,2.00543709891e-11,-2.03500510397e-27,0.0,1.83669855637e-11,4.83625737137e-25,1.69857419745e-11
3.58999964971e-08,0.0,0.0,-2.63674461519e-07,2.00618728758e-11,-1.82434129803e-27,0.0,1.83669096288e-11,4.63260228888e-25,1.69874680953e-11
3.59999964971e-08,0.0,0.0,-2.64123927935e-07,2.00650525979e-11,-1.6355040972300002e-27,0.0,1.83668588614e-11,4.4650237085199995e-25,1.69889679616e-11
3.60999964971e-08,0.0,0.0,-2.64717261864e-07,2.00631053373e-11,-1.42600139472e-27,0.0,1.836682956e-11,4.33878778517e-25,1.69905881377e-11
3.61999964971e-08,0.0,0.0,-2.65281766402e-07,2.00575119525e-11,-1.20617118291e-27,0.0,1.83668121244e-11,4.2593163787e-25,1.69924418602e-11
3.62999964971e-08,0.0,0.0,-2.6576666051e-07,2.00487541758e-11,-9.487836636000001e-28,0.0,1.83667432842e-11,4.23224519972e-25,1.69944651986e-11
3.63999964971e-08,0.0,0.0,-2.65758340006e-07,2.0057490517e-11,-9.25871859032e-28,0.0,1.83666780864e-11,4.26255105332e-25,1.69963569037e-11
3.64999964971e-08,0.0,0.0,-2.66197753003e-07,2.00616219934e-11,-9.080419135170001e-28,0.0,1.83666353577e-11,4.35478070006e-25,1.69979047882e-11
3.65999964971e-08,0.0,0.0,-2.66578451182e-07,2.00617847062e-11,-8.79982619303e-28,0.0,1.8366615864e-11,4.51275950648e-25,1.69995113944e-11
3.66999964971e-08,0.0,0.0,-2.67033001317e-07,2.00581638461e-11,-8.4808888451e-28,0.0,1.83666094834e-11,4.73891017989e-25,1.70013297978e-11
3.67999964971e-08,0.0,0.0,-2.67411299119e-07,2.00510801512e-11,-7.93834171526e-28,0.0,1.83665695352e-11,5.03379050565e-25,1.7003337086e-11
3.68999964971e-08,0.0,0.0,-2.67830728075e-07,2.00527524462e-11,-8.025072776220001e-28,0.0,1.83665146304e-11,5.39584968853e-25,1.70053777887e-11
3.69999964971e-08,0.0,0.0,-2.68271483386e-07,2.00578060526e-11,-8.278308327710001e-28,0.0,1.83664774626e-11,5.8210679804e-25,1.70069939043e-11
3.70999964971e-08,0.0,0.0,-2.68607998817e-07,2.00595684667e-11,-8.4494321482e-28,0.0,1.83664652987e-11,6.30302605649e-25,1.70085929074e-11
3.71999964971e-08,0.0,0.0,-2.68850695607e-07,2.0058077429e-11,-8.56156421499e-28,0.0,1.83664681507e-11,6.833258782100001e-25,1.70103803482e-11
3.72999964971e-08,0.0,0.0,-2.69079078344e-07,2.0053082316e-11,-8.93546413713e-28,0.0,1.83664570133e-11,7.4015916607e-25,1.70123771589e-11
3.73999964971e-08,0.0,0.0,-2.69893105033e-07,2.00475878059e-11,-9.23408147856e-28,0.0,1.8366411108e-11,7.996511457709999e-25,1.70145143701e-11
3.74999964971e-08,0.0,0.0,-2.70333510714e-07,2.00536614931e-11,-9.45983268385e-28,0.0,1.8366378742e-11,8.60604899939e-25,1.7016235953e-11
3.75999964971e-08,0.0,0.0,-2.70736099584e-07,2.00561483446e-11,-9.93356186936e-28,0.0,1.83663712257e-11,9.21843327245e-25,1.70178392583e-11
3.76999964971e-08,0.0,0.0,-2.70986244753e-07,2.00557545206e-11,-1.08056212093e-27,0.0,1.83663810963e-11,9.82253980936e-25,1.70195856266e-11
3.77999964971e-08,0.0,0.0,-2.71204683539e-07,2.00518639809e-11,-1.20362788694e-27,0.0,1.8366398407e-11,1.04085231704e-24,1.70215653492e-11
3.78999964971e-08,0.0,0.0,-2.71736846655e-07,2.00432647279e-11,-1.33817508623e-27,0.0,1.83663599364e-11,1.09683562696e-24,1.70237054951e-11
3.79999964971e-08,0.0,0.0,-2.72384106966e-07,2.00490935017e-11,-1.35085313479e-27,0.0,1.83663328916e-11,1.1496812829900001e-24,1.70255953739e-11
3.80999964971e-08,0.0,0.0,-2.72815897582e-07,2.00525453673e-11,-1.3708418275800001e-27,0.0,1.83663273645e-11,1.19916655818e-24,1.70272263336e-11
3.81999964971e-08,0.0,0.0,-2.73345185582e-07,2.0051320324e-11,-1.4015448368800001e-27,0.0,1.8366342087e-11,1.24529831139e-24,1.7028931691e-11
3.82999964971e-08,0.0,0.0,-2.73942501295e-07,2.00463157858e-11,-1.41999084817e-27,0.0,1.83663679787e-11,1.28828234367e-24,1.70308525737e-11
3.83999964971e-08,0.0,0.0,-2.74447734084e-07,2.00383508413e-11,-1.42059011897e-27,0.0,1.83663570485e-11,1.32846704647e-24,1.7032955224e-11
3.84999964971e-08,0.0,0.0,-2.7441627545e-07,2.00440450546e-11,-1.3937202943e-27,0.0,1.8366334447e-11,1.36627558755e-24,1.7035042528e-11
3.85999964971e-08,0.0,0.0,-2.74858238129e-07,2.00486622907e-11,-1.35588955965e-27,0.0,1.83663284644e-11,1.40210307716e-24,1.70367323159e-11
3.86999964971e-08,0.0,0.0,-2.75354643392e-07,2.00491744134e-11,-1.30620411722e-27,0.0,1.83663454419e-11,1.43623278112e-24,1.70384092762e-11
3.87999964971e-08,0.0,0.0,-2.75850402209e-07,2.00455086285e-11,-1.23473052067e-27,0.0,1.83663759436e-11,1.4687281047300001e-24,1.70402637543e-11
3.88999964971e-08,0.0,0.0,-2.76480268861e-07,2.00384548726e-11,-1.1638162386e-27,0.0,1.83663952611e-11,1.4993878448900001e-24,1.70423296781e-11
3.89999964971e-08,0.0,0.0,-2.76451782463e-07,2.00382926965e-11,-1.12171012884e-27,0.0,1.83663766537e-11,1.5277127891400001e-24,1.70445303343e-11
3.90999964971e-08,0.0,0.0,-2.76887079342e-07,2.0044254226e-11,-1.16242730184e-27,0.0,1.83663701313e-11,1.55289895246e-24,1.70463365525e-11
3.91999964971e-08,0.0,0.0,-2.77312151768e-07,2.00466538557e-11,-1.21687195235e-27,0.0,1.83663865743e-11,1.5739204494e-24,1.70480106568e-11
3.92999964971e-08,0.0,0.0,-2.77724761197e-07,2.00454092488e-11,-1.2758225894000001e-27,0.0,1.83664195933e-11,1.5896294502100001e-24,1.70497973398e-11
3.93999964971e-08,0.0,0.0,-2.78113192907e-07,2.00408023737e-11,-1.3479112769500001e-27,0.0,1.83664617111e-11,1.59888321759e-24,1.70518099228e-11
3.94999964971e-08,0.0,0.0,-2.78476141526e-07,2.00330333431e-11,-1.43155429578e-27,0.0,1.83664530909e-11,1.60066966109e-24,1.70539828782e-11
3.95999964971e-08,0.0,0.0,-2.78903930817e-07,2.00392094529e-11,-1.55821060327e-27,0.0,1.83664482759e-11,1.59426238124e-24,1.70560009913e-11
3.96999964971e-08,0.0,0.0,-2.79333375436e-07,2.00429792282e-11,-1.69920532017e-27,0.0,1.83664615353e-11,1.5792904643800001e-24,1.7057706801e-11
3.97999964971e-08,0.0,0.0,-2.79749139376e-07,2.00432565654e-11,-1.83951474562e-27,0.0,1.83664948705e-11,1.5557426501000002e-24,1.70594438417e-11
3.98999964971e-08,0.0,0.0,-2.80224683971e-07,2.00399815084e-11,-1.98798745341e-27,0.0,1.83665394333e-11,1.5239510511900001e-24,1.70613674097e-11
3.99999964971e-08,0.0,0.0,-2.80518866131e-07,2.00336761709e-11,-2.14469471004e-27,0.0,1.83665625976e-11,1.4845065364900001e-24,1.70634891678e-11
4.00999964971e-08,0.0,0.0,-2.8091002284e-07,2.00334228549e-11,-2.2688933068e-27,0.0,1.83665589065e-11,1.43817894821e-24,1.70656921414e-11
4.01999964971e-08,0.0,0.0,-2.81341361454e-07,2.00386549082e-11,-2.3709065296500002e-27,0.0,1.83665674052e-11,1.3857740586500001e-24,1.70674865641e-11
4.02999964971e-08,0.0,0.0,-2.81760728155e-07,2.00404774458e-11,-2.46644034978e-27,0.0,1.83665982427e-11,1.3279920014e-24,1.70692022746e-11
4.03999964971e-08,0.0,0.0,-2.82171446831e-07,2.00387770833e-11,-2.5479696600800002e-27,0.0,1.83666435334e-11,1.2654420795e-24,1.70710418616e-11
4.04999964971e-08,0.0,0.0,-2.82571056005e-07,2.00338380423e-11,-2.61697200294e-27,0.0,1.83666969636e-11,1.19862363404e-24,1.7073112388e-11
4.05999964971e-08,0.0,0.0,-2.82633165423e-07,2.00273837194e-11,-2.6830254688500002e-27,0.0,1.83666950738e-11,1.1279413067e-24,1.70753319484e-11
4.06999964971e-08,0.0,0.0,-2.833576593e-07,2.00335399862e-11,-2.72555309816e-27,0.0,1.83667017771e-11,1.05373681468e-24,1.70773207894e-11
4.07999964971e-08,0.0,0.0,-2.83766305921e-07,2.00368945161e-11,-2.76874143348e-27,0.0,1.83667271062e-11,9.76304511163e-25,1.70790532759e-11
4.08999964971e-08,0.0,0.0,-2.8427899444e-07,2.00361686366e-11,-2.80320791272e-27,0.0,1.83667709004e-11,8.9598216636e-25,1.70808292402e-11
4.09999964971e-08,0.0,0.0,-2.84847883591e-07,2.00316489819e-11,-2.81366576756e-27,0.0,1.83668250209e-11,8.13215096335e-25,1.70827952945e-11
4.10999964971e-08,0.0,0.0,-2.85369500265e-07,2.00242837136e-11,-2.80995456562e-27,0.0,1.83668556676e-11,7.28565920865e-25,1.70849559819e-11
4.11999964971e-08,0.0,0.0,-2.85297056447e-07,2.0027568363e-11,-2.85276474169e-27,0.0,1.83668619366e-11,6.4276019513e-25,1.70871696193e-11
4.12999964971e-08,0.0,0.0,-2.85726651746e-07,2.00325293026e-11,-2.91012504125e-27,0.0,1.83668798208e-11,5.56642616404e-25,1.70889835079e-11
4.13999964971e-08,0.0,0.0,-2.8612409936e-07,2.00343229218e-11,-2.9392541732200002e-27,0.0,1.83669191195e-11,4.71117634716e-25,1.70907288069e-11
4.14999964971e-08,0.0,0.0,-2.8635486117e-07,2.00337192244e-11,-2.96545426248e-27,0.0,1.83669720469e-11,3.87185297841e-25,1.7092592645e-11
4.15999964971e-08,0.0,0.0,-2.86556998926e-07,2.0029973647e-11,-2.99102843557e-27,0.0,1.83670328382e-11,3.0586135143099998e-25,1.709468766e-11
4.16999964971e-08,0.0,0.0,-2.86458119203e-07,2.0024069171e-11,-3.00037884457e-27,0.0,1.83670409916e-11,2.2811691961e-25,1.70969303601e-11
4.17999964971e-08,0.0,0.0,-2.87704767554e-07,2.00272223033e-11,-3.00184435339e-27,0.0,1.83670551046e-11,1.54824098623e-25,1.70989487267e-11
4.18999964971e-08,0.0,0.0,-2.88137516747e-07,2.00305371765e-11,-2.97661033866e-27,0.0,1.83670867011e-11,8.667944080899999e-26,1.71007083525e-11
4.19999964971e-08,0.0,0.0,-2.885436864e-07,2.00306618675e-11,-2.96527089995e-27,0.0,1.83671362354e-11,2.4237353449400002e-26,1.7102500547e-11
4.20999964971e-08,0.0,0.0,-2.88883055661e-07,2.00275110671e-11,-2.96034505809e-27,0.0,1.83671958634e-11,-3.20924822172e-26,1.710446453e-11
4.21999964971e-08,0.0,0.0,-2.89303920841e-07,2.00213211822e-11,-2.97571702952e-27,0.0,1.83672380055e-11,-8.20313800519e-26,1.71066289303e-11
4.22999964971e-08,0.0,0.0,-2.89682252345e-07,2.00208089483e-11,-2.93764796233e-27,0.0,1.836725057e-11,-1.25431305794e-25,1.71088772256e-11
4.23999964971e-08,0.0,0.0,-2.90107896624e-07,2.00259090637e-11,-2.82447939836e-27,0.0,1.83672729563e-11,-1.62198864492e-25,1.71107333545e-11
4.24999964971e-08,0.0,0.0,-2.90521653002e-07,2.00277966391e-11,-2.70995886344e-27,0.0,1.83673159518e-11,-1.9227479475e-25,1.71124971216e-11
4.25999964971e-08,0.0,0.0,-2.91091319594e-07,2.00253724232e-11,-2.61285122744e-27,0.0,1.83673728675e-11,-2.15622176312e-25,1.71143569927e-11
4.26999964971e-08,0.0,0.0,-2.91652268057e-07,2.00198133844e-11,-2.52122187677e-27,0.0,1.83674378593e-11,-2.32200349035e-25,1.71164347746e-11
4.27999964971e-08,0.0,0.0,-2.92111473055e-07,2.00119347848e-11,-2.43537433658e-27,0.0,1.8367459986e-11,-2.4196070232e-25,1.71186734189e-11
4.28999964971e-08,0.0,0.0,-2.92059043235e-07,2.0020175065e-11,-2.25358445228e-27,0.0,1.83674780018e-11,-2.44783076775e-25,1.7120778578e-11
4.29999964971e-08,0.0,0.0,-2.9247848783e-07,2.00238677797e-11,-2.06826936524e-27,0.0,1.83675110267e-11,-2.40503533201e-25,1.71225703847e-11
4.30999964971e-08,0.0,0.0,-2.92834307816e-07,2.00248962539e-11,-1.86975925455e-27,0.0,1.83675624853e-11,-2.2889146098e-25,1.71243659385e-11
4.31999964971e-08,0.0,0.0,-2.93038200878e-07,2.00234028296e-11,-1.65194171672e-27,0.0,1.83676246776e-11,-2.09697248561e-25,1.71263054971e-11
4.32999964971e-08,0.0,0.0,-2.93217090634e-07,2.00189149058e-11,-1.41556519098e-27,0.0,1.83676830395e-11,-1.8266778381099998e-25,1.71284628999e-11
4.33999964971e-08,0.0,0.0,-2.93809905466e-07,2.00142815115e-11,-1.20772341138e-27,0.0,1.83676985936e-11,-1.47576427318e-25,1.7130745168e-11
4.34999964971e-08,0.0,0.0,-2.94415753586e-07,2.0018760996e-11,-1.13771156402e-27,0.0,1.83677219939e-11,-1.0431816544e-25,1.7132678181e-11
4.3599996497e-08,0.0,0.0,-2.94828381978e-07,2.00212236449e-11,-1.08277133607e-27,0.0,1.83677644448e-11,-5.28573778112e-26,1.71344566944e-11
4.3699996497e-08,0.0,0.0,-2.95089091924e-07,2.00214930646e-11,-1.01811027444e-27,0.0,1.83678219663e-11,6.67813326148e-27,1.71362964899e-11
4.3799996497e-08,0.0,0.0,-2.95344284681e-07,2.00188590063e-11,-9.58863256546e-28,0.0,1.83678882417e-11,7.393292713220001e-26,1.7138322887e-11
4.3899996497e-08,0.0,0.0,-2.95508161043e-07,2.00131774741e-11,-9.02511055984e-28,0.0,1.83679282327e-11,1.48311591477e-25,1.71405337242e-11
4.3999996497e-08,0.0,0.0,-2.96354784275e-07,2.00123319926e-11,-8.1596396244e-28,0.0,1.83679490668e-11,2.28936400653e-25,1.71427544204e-11
4.4099996497e-08,0.0,0.0,-2.96760634921e-07,2.00167422953e-11,-7.51772220263e-28,0.0,1.83679794322e-11,3.1470544193099997e-25,1.71445986768e-11
4.4199996497e-08,0.0,0.0,-2.97155847629e-07,2.0018243099e-11,-6.99607118585e-28,0.0,1.83680292144e-11,4.0440627622199997e-25,1.71463898961e-11
4.4299996497e-08,0.0,0.0,-2.97369365932e-07,2.00176785734e-11,-6.96385948837e-28,0.0,1.83680911393e-11,4.9666942292099995e-25,1.71482825308e-11
4.4399996497e-08,0.0,0.0,-2.97559327657e-07,2.00141342715e-11,-7.16094410548e-28,0.0,1.83681605406e-11,5.9008569558e-25,1.71503929799e-11
4.4499996497e-08,0.0,0.0,-2.97821076011e-07,2.00072955221e-11,-7.62877047771e-28,0.0,1.83681860937e-11,6.8324871600099995e-25,1.71526592307e-11
4.4599996497e-08,0.0,0.0,-2.98689621655e-07,2.00108725066e-11,-6.20814169988e-28,0.0,1.83682090423e-11,7.7489959142e-25,1.71547409607e-11
4.4699996497e-08,0.0,0.0,-2.99104101385e-07,2.0014235038e-11,-4.770518728120001e-28,0.0,1.83682470369e-11,8.64011516586e-25,1.71565474275e-11
4.4799996497e-08,0.0,0.0,-2.99428028717e-07,2.00151087147e-11,-3.4329112184700003e-28,0.0,1.83683021309e-11,9.49728134042e-25,1.71583632321e-11
4.4899996497e-08,0.0,0.0,-2.99629110281e-07,2.00136323447e-11,-2.04971979691e-28,0.0,1.83683673224e-11,1.03132866229e-24,1.71603146586e-11
