time (s),Udown (m/s),eKinTot (j),eDissTot (J),divDevRhoTot(N)
1.00001222489e-10,-1e+300,1.82299739656e-23,1.21330489205e-25,(1.51857898478e-11 3.23098875884e-28 -9.12227184496e-13)
2.00000446208e-10,-1e+300,1.9816635600400002e-23,1.16961854547e-25,(1.49831057858e-11 1.29861963161e-28 -6.67007600696e-13)
3.00000291569e-10,-1e+300,1.98051858755e-23,1.17637983117e-25,(1.49524787699e-11 1.80102042111e-29 -6.41823640232e-13)
4.0000089316e-10,-1e+300,1.95586811835e-23,1.18481584129e-25,(1.49793997233e-11 -6.12363545488e-29 -6.35997964377e-13)
4.99999120509e-10,-1e+300,1.9253576835500002e-23,1.19239931549e-25,(1.50405540602e-11 -1.20814141642e-27 -6.33296182858e-13)
6.00001561182e-10,-1e+300,1.89529500014e-23,1.1990680182499998e-25,(1.5078867746e-11 -1.29825588595e-27 -6.25484302817e-13)
6.99998448338e-10,-1e+300,1.86625776146e-23,1.2048073008599999e-25,(1.5108255479e-11 -1.14037454956e-27 -6.12875619862e-13)
8.00001237003e-10,-1e+300,1.83970257684e-23,1.2110652399499999e-25,(1.51860545646e-11 -7.45481704017e-29 -6.06564303436e-13)
8.9999964291e-10,-1e+300,1.81653620864e-23,1.21719226793e-25,(1.52317890199e-11 5.49103495817e-28 -5.97216437477e-13)
1.0000005237e-09,-1e+300,1.7933248506800002e-23,1.2211531281899998e-25,(1.52530172624e-11 8.37452538974e-28 -5.81464786493e-13)
1.10000097629e-09,-1e+300,1.77285190493e-23,1.22587408445e-25,(1.53304267367e-11 1.59244830831e-27 -5.75839380111e-13)
1.1999987769e-09,-1e+300,1.7559306317800001e-23,1.23099690443e-25,(1.53729954205e-11 2.73086190844e-27 -5.65963974891e-13)
1.3000015551e-09,-1e+300,1.7371782760500002e-23,1.23357726418e-25,(1.5399050274e-11 3.97949956939e-27 -5.5411104873e-13)
1.40000173273e-09,-1e+300,1.72336617215e-23,1.23874409117e-25,(1.5469316033e-11 4.57028852512e-27 -5.45778537504e-13)
1.49999929425e-09,-1e+300,1.7085354880300002e-23,1.2423974854199999e-25,(1.55009242958e-11 4.61630959776e-27 -5.3600421563e-13)
1.59999856508e-09,-1e+300,1.69462378535e-23,1.2454421208899999e-25,(1.55448250246e-11 3.6376555412e-27 -5.28451328116e-13)
1.69999849243e-09,-1e+300,1.68414192083e-23,1.25024730082e-25,(1.56014368672e-11 2.70873944046e-27 -5.16301905036e-13)
1.80000114386e-09,-1e+300,1.6698858239400002e-23,1.2518290939199999e-25,(1.56161979933e-11 1.81054658046e-27 -5.09609194591e-13)
1.90000004089e-09,-1e+300,1.66258048718e-23,1.25746470927e-25,(1.56880889389e-11 1.74715263078e-27 -5.01071904459e-13)
1.99999924031e-09,-1e+300,1.6511414961e-23,1.25967134307e-25,(1.57230480859e-11 1.69648140597e-27 -4.93791101215e-13)
2.09999812943e-09,-1e+300,1.6438327763e-23,1.26420003e-25,(1.57675318411e-11 2.22912488796e-27 -4.85549961832e-13)
2.20000218967e-09,-1e+300,1.6350919073100002e-23,1.267506679e-25,(1.58198935544e-11 2.6047848213e-27 -4.81454385944e-13)
2.29999807668e-09,-1e+300,1.62747058762e-23,1.27080210181e-25,(1.58436665295e-11 2.59826660527e-27 -4.71753411045e-13)
2.39999859736e-09,-1e+300,1.6210492210700002e-23,1.27487453972e-25,(1.5910728114e-11 2.16361634415e-27 -4.71218513028e-13)
2.50000042281e-09,-1e+300,1.6138152925000002e-23,1.2778132836e-25,(1.59304228894e-11 1.71662906406e-27 -4.61101484442e-13)
2.60000226874e-09,-1e+300,1.60858113464e-23,1.2820376257399999e-25,(1.59978774222e-11 1.45525134054e-27 -4.62536215003e-13)
2.69999899697e-09,-1e+300,1.60254890828e-23,1.28542340417e-25,(1.60270049749e-11 1.65947462464e-27 -4.53815218426e-13)
2.79999930721e-09,-1e+300,1.5976773737900002e-23,1.28909871516e-25,(1.60826345123e-11 1.9797437577e-27 -4.55613506384e-13)
2.89999879901e-09,-1e+300,1.59272393227e-23,1.29283641806e-25,(1.61188636868e-11 2.50904423328e-27 -4.48591879938e-13)
2.99999978375e-09,-1e+300,1.58802884354e-23,1.29612667528e-25,(1.61658244085e-11 3.1773658483e-27 -4.50601546739e-13)
3.10000045263e-09,-1e+300,1.58393607165e-23,1.3001065567e-25,(1.62067114976e-11 3.42311169795e-27 -4.4501618068e-13)
3.19999906964e-09,-1e+300,1.5796913490700002e-23,1.30332616216e-25,(1.62475326324e-11 3.5003296754e-27 -4.47552718972e-13)
3.29999809123e-09,-1e+300,1.57603847876e-23,1.30723985142e-25,(1.62913460211e-11 3.15435615606e-27 -4.4418254683e-13)
3.40000028915e-09,-1e+300,1.5723072173900002e-23,1.31044346952e-25,(1.6328433794e-11 2.63924308649e-27 -4.46815740817e-13)
3.49999875102e-09,-1e+300,1.5689080710200002e-23,1.31405160957e-25,(1.63736696645e-11 1.93778915536e-27 -4.4379091726e-13)
3.60000174459e-09,-1e+300,1.56553049347e-23,1.31739350069e-25,(1.64083559063e-11 1.52708669482e-27 -4.46664509534e-13)
3.69999799822e-09,-1e+300,1.5620754790600002e-23,1.3208739299399999e-25,(1.64514319855e-11 1.48935292981e-27 -4.43145124446e-13)
3.7999989391e-09,-1e+300,1.55909382037e-23,1.3240996675699999e-25,(1.6486815253e-11 1.87002275433e-27 -4.46870699232e-13)
3.8999991742e-09,-1e+300,1.55544960386e-23,1.3271788214899999e-25,(1.65269288722e-11 2.37179477996e-27 -4.43601838148e-13)
4.00000219737e-09,-1e+300,1.5528026861400002e-23,1.33053825191e-25,(1.65636218662e-11 2.88023525327e-27 -4.47536096442e-13)
4.10000028718e-09,-1e+300,1.5488968213400001e-23,1.3331866050299998e-25,(1.65988143808e-11 2.97428992971e-27 -4.44089626207e-13)
4.19999992716e-09,-1e+300,1.5466861520100002e-23,1.33670475219e-25,(1.66383231881e-11 2.70660995726e-27 -4.48252068665e-13)
4.30000056793e-09,-1e+300,1.5427550309800002e-23,1.33909907107e-25,(1.66671695129e-11 1.95972100906e-27 -4.44232600072e-13)
4.3999980907e-09,-1e+300,1.54056216493e-23,1.34256443626e-25,(1.67107223175e-11 9.51805402638e-28 -4.48600388171e-13)
4.50000134755e-09,-1e+300,1.53659735057e-23,1.34473760707e-25,(1.67318465667e-11 2.1761003134e-30 -4.44648632814e-13)
4.59999852817e-09,-1e+300,1.5343556959700002e-23,1.3481184942799999e-25,(1.67803382624e-11 -7.25582194995e-28 -4.48875413495e-13)
4.69999765234e-09,-1e+300,1.5303690809300002e-23,1.34983282981e-25,(1.67933025862e-11 -1.19913441403e-27 -4.45627222967e-13)
4.80000128001e-09,-1e+300,1.52809623623e-23,1.35335067928e-25,(1.68468818665e-11 -1.06212071975e-27 -4.48910830736e-13)
4.90000010593e-09,-1e+300,1.52431584957e-23,1.35517688026e-25,(1.68583473264e-11 -9.63630062639e-28 -4.46499409442e-13)
4.99999940133e-09,-1e+300,1.52160207697e-23,1.35829219758e-25,(1.69098372168e-11 -7.24755866772e-28 -4.47943522323e-13)
5.09999810726e-09,-1e+300,1.51837588484e-23,1.3604452766e-25,(1.69298656562e-11 -5.54142254178e-28 -4.48217880851e-13)
5.20000026936e-09,-1e+300,1.5151575861e-23,1.3628981398799999e-25,(1.6969550447e-11 -5.06806513484e-28 -4.46868785908e-13)
5.30000215601e-09,-1e+300,1.5121073544400002e-23,1.3652305873899998e-25,(1.69982199268e-11 -3.09508844744e-28 -4.49498430587e-13)
5.40000149342e-09,-1e+300,1.50837666872e-23,1.36718760793e-25,(1.7024710191e-11 -3.27546094328e-28 -4.45654670851e-13)
5.49999730574e-09,-1e+300,1.50548290891e-23,1.36961525474e-25,(1.70629210989e-11 -3.402538456e-28 -4.50526298718e-13)
5.59999872272e-09,-1e+300,1.5012181783100002e-23,1.37096981384e-25,(1.70754912146e-11 -8.50712867902e-29 -4.46145552638e-13)
5.70000148736e-09,-1e+300,1.49842532153e-23,1.3735045628099999e-25,(1.71235611591e-11 -5.51079298385e-29 -4.50217857201e-13)
5.80000017412e-09,-1e+300,1.49427660431e-23,1.37490782982e-25,(1.71343054299e-11 -1.36872622341e-28 -4.47723144144e-13)
5.89999839469e-09,-1e+300,1.49101244782e-23,1.37713732556e-25,(1.71789958878e-11 -7.73223579986e-28 -4.48207932594e-13)
5.99999952879e-09,-1e+300,1.4873143137e-23,1.37884179037e-25,(1.72014409354e-11 -1.43854608923e-27 -4.49149209412e-13)
6.09999893148e-09,-1e+300,1.48332146174e-23,1.3804277002699999e-25,(1.72288555671e-11 -1.8792150818e-27 -4.45255782249e-13)
6.19999736566e-09,-1e+300,1.4800319498700002e-23,1.3823856263199998e-25,(1.7263197605e-11 -2.04158127549e-27 -4.49602617509e-13)
6.30000245851e-09,-1e+300,1.47526683962e-23,1.3838211259e-25,(1.72715365641e-11 -2.08630275924e-27 -4.44412768924e-13)
6.39999852053e-09,-1e+300,1.4722171269100002e-23,1.3854800456899999e-25,(1.73184331331e-11 -1.59225985229e-27 -4.47146994283e-13)
6.49999890077e-09,-1e+300,1.46795904669e-23,1.38667049346e-25,(1.73305483178e-11 -9.68684516866e-28 -4.44530661424e-13)
6.60000231759e-09,-1e+300,1.46421856661e-23,1.38834560332e-25,(1.73659288464e-11 -2.32548663283e-28 -4.42592316864e-13)
6.69999906117e-09,-1e+300,1.4606780140600002e-23,1.39007157687e-25,(1.73906805477e-11 2.55858916468e-28 -4.43773587257e-13)
6.799997067e-09,-1e+300,1.45669945129e-23,1.3912526261199998e-25,(1.74010666935e-11 5.1529630299e-28 -4.3751545391e-13)
6.900000687e-09,-1e+300,1.4544244600200002e-23,1.3936692303e-25,(1.74322982754e-11 3.41101613575e-28 -4.38875715623e-13)
6.99999738931e-09,-1e+300,1.4508405393000002e-23,1.3949880368e-25,(1.74313901843e-11 -5.43370588808e-29 -4.33507566244e-13)
7.10000131507e-09,-1e+300,1.4485898913700002e-23,1.3974163276899998e-25,(1.74584254906e-11 -4.60124208885e-28 -4.30347273181e-13)
7.19999976817e-09,-1e+300,1.44629968798e-23,1.39958249303e-25,(1.74692229254e-11 -9.08688260958e-28 -4.29066361529e-13)
7.29999697976e-09,-1e+300,1.44327902732e-23,1.40125776382e-25,(1.74718519276e-11 -1.2672844452e-27 -4.21707696206e-13)
7.40000237159e-09,-1e+300,1.4414563993200002e-23,1.4037914379499999e-25,(1.74959494571e-11 -1.44468850985e-27 -4.22878143002e-13)
7.50000073436e-09,-1e+300,1.43847765795e-23,1.4053281017399998e-25,(1.74889479632e-11 -1.50396845964e-27 -4.17356052156e-13)
7.60000269772e-09,-1e+300,1.4362561559200002e-23,1.40760198056e-25,(1.75118169611e-11 -1.44541717142e-27 -4.15552739769e-13)
7.69999908048e-09,-1e+300,1.43428089386e-23,1.4098799965e-25,(1.75200083319e-11 -1.26210302056e-27 -4.14550597594e-13)
7.79999883058e-09,-1e+300,1.43103582334e-23,1.41177702809e-25,(1.7516806127e-11 -1.08034656551e-27 -4.07982422623e-13)
7.90000134015e-09,-1e+300,1.42924615727e-23,1.41374812591e-25,(1.75410489941e-11 -6.37904693804e-28 -4.095222173e-13)
7.99999686139e-09,-1e+300,1.42653010221e-23,1.41534588691e-25,(1.75353346934e-11 -1.50415867721e-28 -4.06044890285e-13)
8.09999677072e-09,-1e+300,1.4239134726800002e-23,1.4172208862199998e-25,(1.75502166655e-11 3.40096740531e-28 -4.02658542331e-13)
8.20000228875e-09,-1e+300,1.4220441621600002e-23,1.41945448158e-25,(1.75600996025e-11 5.71786106428e-28 -4.03537349453e-13)
8.30000072487e-09,-1e+300,1.41854529609e-23,1.4203554861599998e-25,(1.75486543417e-11 8.70735161968e-28 -3.97531273826e-13)
8.3999987982e-09,-1e+300,1.41662251811e-23,1.42281957943e-25,(1.75743850509e-11 8.38253277284e-28 -3.9818211267e-13)
8.49999769178e-09,-1e+300,1.41422831877e-23,1.42457556821e-25,(1.75731585324e-11 6.72003819495e-28 -3.96116624093e-13)
8.60000217264e-09,-1e+300,1.41107944639e-23,1.42592766719e-25,(1.757600737e-11 5.66950417262e-28 -3.9105847335e-13)
8.6999968844e-09,-1e+300,1.40913606947e-23,1.42805114631e-25,(1.75916112933e-11 3.37392203675e-28 -3.93097188581e-13)
8.79999887804e-09,-1e+300,1.4060508825000002e-23,1.42951576329e-25,(1.75809712108e-11 3.74383981562e-29 -3.88491066327e-13)
8.90000317303e-09,-1e+300,1.40342996667e-23,1.4309387571e-25,(1.75973329203e-11 -1.77715165134e-28 -3.86414117607e-13)
8.99999700866e-09,-1e+300,1.40132955068e-23,1.43284581051e-25,(1.76039064905e-11 -3.51689726426e-28 -3.87272504857e-13)
9.09999923263e-09,-1e+300,1.39776596381e-23,1.43360811508e-25,(1.75912506872e-11 -5.60510000705e-28 -3.81074019074e-13)
9.19999823264e-09,-1e+300,1.3957890287e-23,1.43577641173e-25,(1.76129736375e-11 -7.39899039033e-28 -3.81645557961e-13)
9.29999996064e-09,-1e+300,1.39322078469e-23,1.4372389991799999e-25,(1.76117538541e-11 -6.36987374593e-28 -3.807965868e-13)
9.39999769983e-09,-1e+300,1.3899670420600002e-23,1.43766075158e-25,(1.7609851156e-11 -7.42904876037e-28 -3.75625962655e-13)
9.50000012286e-09,-1e+300,1.38793416365e-23,1.44036658289e-25,(1.76232813806e-11 -7.25511038978e-28 -3.77011943244e-13)
9.59999747223e-09,-1e+300,1.38498513238e-23,1.44044809506e-25,(1.76167928595e-11 -7.04072630699e-28 -3.74231783922e-13)
9.69999695442e-09,-1e+300,1.3820340819500002e-23,1.44264251187e-25,(1.76220394188e-11 -6.53941781149e-28 -3.70575858088e-13)
9.80000139992e-09,-1e+300,1.37996571727e-23,1.44442295305e-25,(1.76301692459e-11 -5.07114053226e-28 -3.72455499723e-13)
9.90000190852e-09,-1e+300,1.3765798322e-23,1.44515836264e-25,(1.76165557387e-11 -2.76666499988e-28 -3.67852440025e-13)
9.99999661849e-09,-1e+300,1.3741213189200002e-23,1.4467659313e-25,(1.76304556361e-11 -5.87188481595e-29 -3.66434774518e-13)
1.01000018742e-08,-1e+300,1.37193965904e-23,1.4483785303699999e-25,(1.76331118309e-11 2.72299742024e-28 -3.67422657576e-13)
1.02000033777e-08,-1e+300,1.36831809992e-23,1.44903752052e-25,(1.76174554779e-11 4.1908832698e-28 -3.61882735927e-13)
1.03000004088e-08,-1e+300,1.36634725272e-23,1.45080981043e-25,(1.76350611342e-11 5.03500443033e-28 -3.62137205791e-13)
1.03999970577e-08,-1e+300,1.36400007349e-23,1.4521951147899998e-25,(1.76330531598e-11 3.4587412534e-28 -3.62511567236e-13)
1.04999999931e-08,-1e+300,1.3604914838500002e-23,1.45277345552e-25,(1.76236788376e-11 2.10169033785e-28 -3.57282909486e-13)
1.06000014668e-08,-1e+300,1.35864332459e-23,1.454686527e-25,(1.76364227429e-11 2.40119591951e-28 -3.58012216546e-13)
1.06999995809e-08,-1e+300,1.35628193059e-23,1.45596983296e-25,(1.76302307092e-11 2.80561957817e-28 -3.57916544621e-13)
1.07999985744e-08,-1e+300,1.35305259873e-23,1.45681539737e-25,(1.76250603759e-11 2.78709812005e-28 -3.53261667568e-13)
1.08999986321e-08,-1e+300,1.3513610145800002e-23,1.45865278616e-25,(1.76342752544e-11 4.02183102892e-28 -3.54160131603e-13)
1.0999999103e-08,-1e+300,1.34894146453e-23,1.45982006093e-25,(1.76249674304e-11 3.93880545458e-28 -3.5385359674e-13)
1.10999967202e-08,-1e+300,1.34592031687e-23,1.4612921310099998e-25,(1.76221572273e-11 2.69551893083e-28 -3.49930307931e-13)
1.1200001852e-08,-1e+300,1.34435792282e-23,1.4625145844399998e-25,(1.76301283805e-11 2.77419571428e-28 -3.51185243472e-13)
1.13000035695e-08,-1e+300,1.34202047308e-23,1.46378958245e-25,(1.76178987462e-11 2.22817087016e-28 -3.49857553776e-13)
1.14000011614e-08,-1e+300,1.33926618239e-23,1.46558266356e-25,(1.76169277748e-11 2.95217324518e-28 -3.4648880135e-13)
1.15000013647e-08,-1e+300,1.3376263458e-23,1.46651637406e-25,(1.76239604179e-11 3.37364452193e-28 -3.47710685391e-13)
1.16000013654e-08,-1e+300,1.33529491328e-23,1.46774983015e-25,(1.76100275419e-11 4.08712512601e-28 -3.45717172185e-13)
1.1700001065e-08,-1e+300,1.33270944932e-23,1.4691857503699999e-25,(1.76108511144e-11 6.51251428744e-28 -3.42857077877e-13)
1.18000000622e-08,-1e+300,1.3310088009000002e-23,1.47077199875e-25,(1.76153773783e-11 8.31322959454e-28 -3.43989007852e-13)
1.18999972909e-08,-1e+300,1.32862808511e-23,1.47159823745e-25,(1.76019830844e-11 9.45302512485e-28 -3.42173842561e-13)
1.19999977904e-08,-1e+300,1.32623561277e-23,1.4729560822199998e-25,(1.76031612517e-11 1.01608399388e-27 -3.39509889316e-13)
1.21000004595e-08,-1e+300,1.32465264092e-23,1.47460411958e-25,(1.76067865356e-11 1.19684855851e-27 -3.40721940929e-13)
1.22000008458e-08,-1e+300,1.32220644103e-23,1.47554001101e-25,(1.7593581023e-11 1.37586881181e-27 -3.38680227135e-13)
1.22999984197e-08,-1e+300,1.31985352323e-23,1.4768024187699998e-25,(1.7594325239e-11 1.32510070748e-27 -3.35976225158e-13)
1.23999994684e-08,-1e+300,1.31826582299e-23,1.47831752688e-25,(1.75977549835e-11 1.19551606726e-27 -3.37110176919e-13)
1.24999980267e-08,-1e+300,1.3157943889500001e-23,1.4793364851299999e-25,(1.75848401639e-11 1.09571684928e-27 -3.35246168838e-13)
1.26000003539e-08,-1e+300,1.3133568653000001e-23,1.47980792159e-25,(1.75855155185e-11 7.19194847504e-28 -3.32250505634e-13)
1.27000023945e-08,-1e+300,1.3117052209100001e-23,1.48210431894e-25,(1.75878356112e-11 2.28992121468e-28 -3.33301606948e-13)
1.28000016682e-08,-1e+300,1.30932429953e-23,1.4829810827899998e-25,(1.75757161049e-11 -2.80070553106e-28 -3.32359675293e-13)
1.29000006589e-08,-1e+300,1.30667789708e-23,1.48341542431e-25,(1.75753995551e-11 -6.35670729592e-28 -3.29064875531e-13)
1.30000003101e-08,-1e+300,1.30500372779e-23,1.4854578182799999e-25,(1.75784123286e-11 -8.1708834799e-28 -3.29844386363e-13)
1.30999968027e-08,-1e+300,1.30273469094e-23,1.4864019334799998e-25,(1.75670169933e-11 -1.07558754206e-27 -3.29284053053e-13)
1.32000001725e-08,-1e+300,1.3000245689e-23,1.48725993746e-25,(1.75631292679e-11 -1.23385549276e-27 -3.25899365296e-13)
1.32999998839e-08,-1e+300,1.29812857033e-23,1.48857975886e-25,(1.75688365414e-11 -1.21204280636e-27 -3.26457513789e-13)
1.33999994179e-08,-1e+300,1.29597579456e-23,1.48961165661e-25,(1.75585783463e-11 -1.0673841082e-27 -3.26158010478e-13)
1.34999973898e-08,-1e+300,1.2932431103e-23,1.49030399331e-25,(1.75507879805e-11 -9.99111492627e-28 -3.22643388624e-13)
1.36000037349e-08,-1e+300,1.2911972280500001e-23,1.49155673407e-25,(1.75583861662e-11 -7.8359295133e-28 -3.22977310685e-13)
1.3700001017e-08,-1e+300,1.28916976467e-23,1.49263606865e-25,(1.75503343453e-11 -5.0292314949e-28 -3.22935001848e-13)
1.38000008084e-08,-1e+300,1.2864381160500001e-23,1.4928627231399998e-25,(1.75380704948e-11 -1.84223159453e-28 -3.19037208632e-13)
1.38999982698e-08,-1e+300,1.28427466898e-23,1.4944148717299999e-25,(1.75465824038e-11 -1.823918693e-29 -3.19416629086e-13)
1.4000000815e-08,-1e+300,1.2822356175700001e-23,1.49546099426e-25,(1.75419462084e-11 2.56852682653e-29 -3.19431530388e-13)
1.41000003705e-08,-1e+300,1.27946016173e-23,1.4960595563299998e-25,(1.75234571769e-11 1.19426327792e-28 -3.15538291519e-13)
1.42000013999e-08,-1e+300,1.27739748179e-23,1.4971337586499998e-25,(1.75345814906e-11 1.15307110099e-28 -3.1616863625e-13)
1.43000022544e-08,-1e+300,1.27549506132e-23,1.4982542469e-25,(1.75319272855e-11 5.12393738186e-29 -3.16425286563e-13)
1.43999978313e-08,-1e+300,1.2727334332200001e-23,1.4986421714899998e-25,(1.75157711588e-11 -8.29432664751e-29 -3.13192661266e-13)
1.44999983316e-08,-1e+300,1.27052783569e-23,1.4997346161899999e-25,(1.75218758289e-11 -1.52772049097e-28 -3.12643020878e-13)
1.46000039271e-08,-1e+300,1.2685721890700001e-23,1.5008013780699999e-25,(1.75215781941e-11 -2.41802289481e-28 -3.12745830922e-13)
1.47000009009e-08,-1e+300,1.26601923171e-23,1.50133842372e-25,(1.75083018251e-11 -3.47566628882e-28 -3.11316849943e-13)
1.47999972081e-08,-1e+300,1.2634389583000001e-23,1.5024325563599999e-25,(1.75079726475e-11 -4.46401192313e-28 -3.08476868494e-13)
1.48999994085e-08,-1e+300,1.2614342441700001e-23,1.50309939803e-25,(1.75106512865e-11 -4.78210313186e-28 -3.09373238286e-13)
1.49999999237e-08,-1e+300,1.25916595998e-23,1.50380712443e-25,(1.75002279475e-11 -4.90783576146e-28 -3.08987180383e-13)
1.50999992034e-08,-1e+300,1.2564266412700001e-23,1.50430320832e-25,(1.74927438407e-11 -4.25437226348e-28 -3.0554602233e-13)
1.52000016675e-08,-1e+300,1.2541562350800001e-23,1.5051727992e-25,(1.7498896222e-11 -1.23050565421e-28 -3.0563212781e-13)
1.52999998621e-08,-1e+300,1.2521216462700001e-23,1.5060412143099999e-25,(1.74915113289e-11 5.20155063679e-29 -3.05970572283e-13)
1.54000000648e-08,-1e+300,1.2492719753200001e-23,1.50642771757e-25,(1.7474872973e-11 2.0066437552e-28 -3.02572009692e-13)
1.55000036739e-08,-1e+300,1.2470301359500001e-23,1.50720402843e-25,(1.74849100586e-11 4.21739371635e-28 -3.02691227614e-13)
1.55999990378e-08,-1e+300,1.2448950539400001e-23,1.50794795582e-25,(1.7482099381e-11 4.61026719517e-28 -3.02104495878e-13)
1.5700000096e-08,-1e+300,1.2422827245200001e-23,1.50837313524e-25,(1.74659418113e-11 3.63635477884e-28 -3.00355637986e-13)
1.5799996672e-08,-1e+300,1.2398422148e-23,1.5097535731699998e-25,(1.7468214695e-11 2.60053834924e-28 -2.98962510704e-13)
1.58999971436e-08,-1e+300,1.2375972418100001e-23,1.5098293684399999e-25,(1.74702196338e-11 -1.26740188627e-29 -2.98728300354e-13)
1.59999997643e-08,-1e+300,1.2352164141000001e-23,1.5103318649799999e-25,(1.74591258061e-11 -3.35481491702e-28 -2.97754418819e-13)
1.6100001155e-08,-1e+300,1.23261628098e-23,1.5108003127799998e-25,(1.7451761259e-11 -5.30962202803e-28 -2.95188070097e-13)
1.6200002862e-08,-1e+300,1.23031065443e-23,1.51146789895e-25,(1.74565149809e-11 -8.64664283822e-28 -2.95677432748e-13)
1.63000023579e-08,-1e+300,1.22810070125e-23,1.51212921009e-25,(1.7449900014e-11 -1.06830871619e-27 -2.94886733584e-13)
1.64000018424e-08,-1e+300,1.22521284962e-23,1.51239668924e-25,(1.74323896549e-11 -1.19526146535e-27 -2.91366135291e-13)
1.64999969734e-08,-1e+300,1.2230885751300001e-23,1.51308437385e-25,(1.7441099536e-11 -1.1528444842e-27 -2.92171009802e-13)
1.66000011601e-08,-1e+300,1.2208546294e-23,1.5137077444599999e-25,(1.74386266862e-11 -9.80004988558e-28 -2.91544133812e-13)
1.66999989243e-08,-1e+300,1.21829597904e-23,1.51395623062e-25,(1.74252134153e-11 -9.68629997247e-28 -2.89978043714e-13)
1.67999990777e-08,-1e+300,1.21574563177e-23,1.5144792751299998e-25,(1.74240825797e-11 -8.6072388307e-28 -2.87372610868e-13)
1.68999961683e-08,-1e+300,1.21347667472e-23,1.51503982753e-25,(1.7425665819e-11 -7.1810393823e-28 -2.87777472718e-13)
1.69999968738e-08,-1e+300,1.2112291622500001e-23,1.51554454467e-25,(1.7416509964e-11 -4.93355481278e-28 -2.87339427383e-13)
1.70999968272e-08,-1e+300,1.2084558947200001e-23,1.51568738882e-25,(1.74034861535e-11 -2.11772671377e-28 -2.8422446195e-13)
1.7199999532e-08,-1e+300,1.20616366933e-23,1.5162979487699999e-25,(1.7410502892e-11 -2.82436836558e-29 -2.84530987567e-13)
1.7299995834e-08,-1e+300,1.20393828745e-23,1.51681245901e-25,(1.74059173844e-11 2.30830123988e-28 -2.8334323045e-13)
1.74000006902e-08,-1e+300,1.2013967125800001e-23,1.51694372582e-25,(1.73910095488e-11 4.71043094822e-28 -2.81881094868e-13)
1.75000023428e-08,-1e+300,1.1989481284700001e-23,1.5171773212499999e-25,(1.73916188412e-11 5.69936305438e-28 -2.80268684966e-13)
1.76000022897e-08,-1e+300,1.19653467013e-23,1.51769353187e-25,(1.73929606679e-11 7.22270167441e-28 -2.80305920767e-13)
1.77000007068e-08,-1e+300,1.1942715937100001e-23,1.5182161721399998e-25,(1.73829504776e-11 8.02785441548e-28 -2.79109624605e-13)
1.78000026608e-08,-1e+300,1.19157814651e-23,1.51837932957e-25,(1.73697554513e-11 8.80305480284e-28 -2.76288082062e-13)
1.79000024979e-08,-1e+300,1.1893448682300001e-23,1.5188624315799998e-25,(1.73756296053e-11 8.3366364866e-28 -2.77377290797e-13)
1.79999969538e-08,-1e+300,1.18692969969e-23,1.51915696762e-25,(1.73719262864e-11 8.34429960538e-28 -2.76271442907e-13)
1.81000041609e-08,-1e+300,1.1844091375500001e-23,1.51924031465e-25,(1.73575537586e-11 8.42871562685e-28 -2.74313728963e-13)
1.82000037994e-08,-1e+300,1.18200679489e-23,1.51959661988e-25,(1.73560379298e-11 6.86287791959e-28 -2.72242222112e-13)
1.82999973188e-08,-1e+300,1.17967836851e-23,1.5199288027e-25,(1.73571561081e-11 5.18614620963e-28 -2.73199074995e-13)
1.83999980484e-08,-1e+300,1.1773105104e-23,1.52015806189e-25,(1.73487381666e-11 3.56767509663e-28 -2.72068810383e-13)
1.85000031151e-08,-1e+300,1.1745489090600001e-23,1.5198190002399998e-25,(1.73341387201e-11 1.70134899202e-28 -2.69429272809e-13)
1.85999972231e-08,-1e+300,1.17239856837e-23,1.52058754555e-25,(1.7339477425e-11 5.1850658081e-29 -2.69447726896e-13)
1.86999985799e-08,-1e+300,1.1700298325200001e-23,1.52078518653e-25,(1.73364840956e-11 -1.25466625929e-29 -2.68692251165e-13)
1.8800001129e-08,-1e+300,1.1675633466500001e-23,1.52081770669e-25,(1.73240763727e-11 -9.46422893351e-29 -2.6775158181e-13)
1.8899997041e-08,-1e+300,1.16498278473e-23,1.5209368209399998e-25,(1.73188937136e-11 -1.05392201926e-28 -2.65321284141e-13)
1.89999983259e-08,-1e+300,1.1627393075e-23,1.5211997841e-25,(1.73214557064e-11 -1.09002760602e-28 -2.65922333618e-13)
1.91000037646e-08,-1e+300,1.16035133211e-23,1.52133538325e-25,(1.73147513009e-11 7.59570271483e-29 -2.64648558983e-13)
1.91999964498e-08,-1e+300,1.1577423003400001e-23,1.52116467126e-25,(1.72990343764e-11 1.30163594987e-28 -2.62775737353e-13)
1.93000002183e-08,-1e+300,1.15544413003e-23,1.52084394963e-25,(1.7303418286e-11 3.43261759595e-28 -2.62017879161e-13)
1.94000031533e-08,-1e+300,1.1530448349200001e-23,1.52157825695e-25,(1.73031674758e-11 3.33824996196e-28 -2.62108495995e-13)
1.94999979326e-08,-1e+300,1.1506876562e-23,1.52172158457e-25,(1.72935489054e-11 4.50213806203e-28 -2.60663418123e-13)
1.96000041078e-08,-1e+300,1.14808053234e-23,1.52150188979e-25,(1.72816550784e-11 5.11478965101e-28 -2.58618057894e-13)
1.96999974082e-08,-1e+300,1.1459132007100001e-23,1.52180712834e-25,(1.72881575742e-11 6.75585414585e-28 -2.59248315504e-13)
1.9800003047e-08,-1e+300,1.1435064437000001e-23,1.52183340403e-25,(1.72870190637e-11 6.44191047732e-28 -2.58153340637e-13)
1.99000034326e-08,-1e+300,1.14120290767e-23,1.52177506621e-25,(1.72815739401e-11 7.78881702821e-28 -2.56851403636e-13)
1.99999979493e-08,-1e+300,1.1387715801200001e-23,1.52180734693e-25,(1.72762981675e-11 8.07471589111e-28 -2.55161376472e-13)
2.01000016737e-08,-1e+300,1.1367211602200001e-23,1.52210148174e-25,(1.72812289071e-11 7.85943153547e-28 -2.55833727946e-13)
2.01999975234e-08,-1e+300,1.13451951096e-23,1.52244496346e-25,(1.72781154604e-11 8.01483654057e-28 -2.54302545706e-13)
2.03000031626e-08,-1e+300,1.13224335826e-23,1.52209530264e-25,(1.72673875899e-11 8.4361474554e-28 -2.52681464031e-13)
2.03999995564e-08,-1e+300,1.1302762844100001e-23,1.52192207464e-25,(1.7270832649e-11 9.30441707353e-28 -2.51922780415e-13)
2.04999972459e-08,-1e+300,1.12842994892e-23,1.5228220657899998e-25,(1.72741110488e-11 9.61052619777e-28 -2.52734726365e-13)
2.06000007361e-08,-1e+300,1.1264411529e-23,1.52299212082e-25,(1.72703351552e-11 1.01267193908e-27 -2.50945587154e-13)
2.07000017738e-08,-1e+300,1.1242508751200001e-23,1.5228450325299998e-25,(1.725849082e-11 9.35914082636e-28 -2.49106829988e-13)
2.07999987484e-08,-1e+300,1.12250829067e-23,1.5234713062000001e-25,(1.72688227624e-11 9.26957904385e-28 -2.49591386623e-13)
2.08999996485e-08,-1e+300,1.12073078007e-23,1.5237878279599999e-25,(1.72717621632e-11 8.84119375501e-28 -2.4973062996e-13)
2.09999993227e-08,-1e+300,1.11882018916e-23,1.52398188957e-25,(1.72666877113e-11 6.89300205489e-28 -2.47544067281e-13)
2.10999969917e-08,-1e+300,1.11682513466e-23,1.52406070794e-25,(1.72587467853e-11 5.78773705098e-28 -2.45523325994e-13)
2.12000040871e-08,-1e+300,1.11526646915e-23,1.52469159034e-25,(1.72686625399e-11 4.72650937642e-28 -2.46680940902e-13)
2.12999992056e-08,-1e+300,1.1134891940100001e-23,1.5249823032399999e-25,(1.72715249588e-11 2.96717817722e-28 -2.46286472365e-13)
2.13999971082e-08,-1e+300,1.11164800006e-23,1.52509999478e-25,(1.72655880344e-11 3.24227878475e-28 -2.4418737595e-13)
2.14999961982e-08,-1e+300,1.10983925189e-23,1.52539300044e-25,(1.72614259183e-11 4.30683248395e-28 -2.42410528217e-13)
2.16000019938e-08,-1e+300,1.10837500702e-23,1.52601699183e-25,(1.72698986417e-11 5.03374395335e-28 -2.43371079788e-13)
2.16999991321e-08,-1e+300,1.1066397923800001e-23,1.52628244866e-25,(1.7271684087e-11 7.18248049832e-28 -2.42782296922e-13)
2.17999956156e-08,-1e+300,1.1047599555100001e-23,1.52655339466e-25,(1.72653331959e-11 8.9753741417e-28 -2.4062044895e-13)
2.18999991183e-08,-1e+300,1.1030338583700001e-23,1.52673157631e-25,(1.72648651601e-11 9.4236562499e-28 -2.39371290736e-13)
2.19999953439e-08,-1e+300,1.10157028252e-23,1.5273249826399998e-25,(1.72725191443e-11 9.58088673611e-28 -2.40480391549e-13)
2.20999972766e-08,-1e+300,1.0998757587800001e-23,1.52759442654e-25,(1.72732276875e-11 9.24131936385e-28 -2.39190546863e-13)
2.2200001977e-08,-1e+300,1.0980466179000001e-23,1.52782703593e-25,(1.72663057085e-11 8.98806435217e-28 -2.37351926848e-13)
2.23000010932e-08,-1e+300,1.0963520593e-23,1.52808869553e-25,(1.72688809352e-11 8.16603096982e-28 -2.36341484751e-13)
2.23999970479e-08,-1e+300,1.0949559093600001e-23,1.5286210007399999e-25,(1.72758559959e-11 5.83193615555e-28 -2.37505345727e-13)
2.25000043046e-08,-1e+300,1.0933093829e-23,1.52888670712e-25,(1.72762083825e-11 3.86267837192e-28 -2.36254144503e-13)
2.25999953262e-08,-1e+300,1.0916674219e-23,1.52916017439e-25,(1.72694057738e-11 1.68985892303e-28 -2.33884306115e-13)
2.26999975423e-08,-1e+300,1.09019128069e-23,1.52966408415e-25,(1.72736407541e-11 -1.9641808381e-29 -2.33141868956e-13)
2.27999992563e-08,-1e+300,1.0888404866600001e-23,1.53029902815e-25,(1.72808651297e-11 -1.9412688214e-28 -2.33973633773e-13)
2.28999971567e-08,-1e+300,1.0872616377200001e-23,1.53056854679e-25,(1.72806281323e-11 -3.6898322813e-28 -2.32729330204e-13)
2.29999957207e-08,-1e+300,1.0855503993900001e-23,1.5307307829499999e-25,(1.72731907732e-11 -6.24020423719e-28 -2.30597118024e-13)
2.31000040398e-08,-1e+300,1.08408807237e-23,1.53166525393e-25,(1.7277885786e-11 -6.15155208187e-28 -2.29693819377e-13)
2.31999976006e-08,-1e+300,1.08278642524e-23,1.5318535003e-25,(1.72853425122e-11 -6.98715575592e-28 -2.3062521091e-13)
2.32999961682e-08,-1e+300,1.08116670667e-23,1.53211719923e-25,(1.72859922972e-11 -7.02887810755e-28 -2.29456347308e-13)
2.34000027032e-08,-1e+300,1.07951923352e-23,1.53240772752e-25,(1.72781572173e-11 -6.60726946648e-28 -2.27283530637e-13)
2.35000035203e-08,-1e+300,1.07811835904e-23,1.5329711310599999e-25,(1.72832420876e-11 -6.23123392015e-28 -2.26856795583e-13)
2.35999963058e-08,-1e+300,1.0768108707000001e-23,1.53343587425e-25,(1.72899572539e-11 -5.47205900571e-28 -2.27537653639e-13)
2.3700000132e-08,-1e+300,1.075261041e-23,1.5337144398899998e-25,(1.7290360883e-11 -5.9481568955e-28 -2.26455834757e-13)
2.38000003467e-08,-1e+300,1.0735409603600001e-23,1.53400711464e-25,(1.72837498303e-11 -6.44144959339e-28 -2.24087172968e-13)
2.39000036038e-08,-1e+300,1.07218477284e-23,1.53481012079e-25,(1.72887265329e-11 -5.94608467853e-28 -2.23923786239e-13)
2.40000036158e-08,-1e+300,1.0709398938400001e-23,1.53498761313e-25,(1.72955252156e-11 -6.07452429423e-28 -2.24801500837e-13)
2.41000007077e-08,-1e+300,1.0693823860500001e-23,1.53525270568e-25,(1.72957220789e-11 -5.42920463026e-28 -2.23440302677e-13)
2.42000033742e-08,-1e+300,1.06764520926e-23,1.53526040101e-25,(1.72895336367e-11 -5.5732861995e-28 -2.21359812977e-13)
2.4299998293e-08,-1e+300,1.06622261968e-23,1.53545386941e-25,(1.72940832918e-11 -4.44739807066e-28 -2.20944639646e-13)
2.43999993927e-08,-1e+300,1.0650172636700001e-23,1.53646846221e-25,(1.73007222871e-11 -3.47782961776e-28 -2.21838823997e-13)
2.4500000629e-08,-1e+300,1.0635745465200001e-23,1.53680460992e-25,(1.73013717825e-11 -2.69192688964e-28 -2.20743037396e-13)
2.46000009653e-08,-1e+300,1.0619162051300001e-23,1.53689561208e-25,(1.7295758854e-11 -1.34748980497e-28 -2.18279096753e-13)
2.47000005788e-08,-1e+300,1.06043923109e-23,1.53697259839e-25,(1.72986414218e-11 -6.979209885e-30 -2.17939095064e-13)
2.47999950479e-08,-1e+300,1.05916913349e-23,1.53792917767e-25,(1.73059906695e-11 5.95956932627e-29 -2.19136435618e-13)
2.48999992217e-08,-1e+300,1.0577825435900001e-23,1.53823092665e-25,(1.73073675251e-11 1.00134325182e-28 -2.18218686082e-13)
2.49999973171e-08,-1e+300,1.0561911551e-23,1.53843191741e-25,(1.73020429789e-11 1.85247524433e-28 -2.1559698034e-13)
2.5100000432e-08,-1e+300,1.05470949446e-23,1.53879042575e-25,(1.73025101493e-11 2.17977587622e-28 -2.1471777571e-13)
2.52000034903e-08,-1e+300,1.05349809861e-23,1.53936382654e-25,(1.73106805816e-11 2.6112738337e-28 -2.15949375674e-13)
2.53000022741e-08,-1e+300,1.0520750715600001e-23,1.53963619246e-25,(1.7313223524e-11 2.23841752518e-28 -2.15858821429e-13)
2.53999975348e-08,-1e+300,1.0504193458300001e-23,1.53944381851e-25,(1.73093583221e-11 2.5266578217e-28 -2.13289041287e-13)
2.54999956124e-08,-1e+300,1.0489279193e-23,1.54004278805e-25,(1.73068033291e-11 4.00198551505e-28 -2.11845927875e-13)
2.55999996366e-08,-1e+300,1.0477960597500001e-23,1.54054126488e-25,(1.73154620661e-11 4.28223866952e-28 -2.13047472458e-13)
2.5700001337e-08,-1e+300,1.0464786774300001e-23,1.5410596258099999e-25,(1.7318215938e-11 5.51589229382e-28 -2.12785497734e-13)
2.58000029042e-08,-1e+300,1.0448471795300001e-23,1.5410939960299999e-25,(1.73155105404e-11 5.68617742651e-28 -2.10997284985e-13)
2.58999989362e-08,-1e+300,1.04316177987e-23,1.5410746670899999e-25,(1.73109433399e-11 5.77200000007e-28 -2.09194490083e-13)
2.60000043347e-08,-1e+300,1.04200774961e-23,1.54172456906e-25,(1.73200716045e-11 5.50519448471e-28 -2.10360020826e-13)
2.61000009297e-08,-1e+300,1.0408144571200001e-23,1.5421829469099999e-25,(1.73238570506e-11 5.15374474674e-28 -2.10371129199e-13)
2.61999992717e-08,-1e+300,1.0392985511000001e-23,1.5423318383000001e-25,(1.73218897804e-11 3.4571646985e-28 -2.08219361341e-13)
2.62999959026e-08,-1e+300,1.03758397377e-23,1.54240055136e-25,(1.73134616546e-11 2.1350385983e-28 -2.0587953283e-13)
2.64000033085e-08,-1e+300,1.03639241655e-23,1.5423302992099998e-25,(1.73246084476e-11 1.50647989001e-28 -2.07312993571e-13)
2.64999993073e-08,-1e+300,1.03519989738e-23,1.5432885409799999e-25,(1.73290038787e-11 -1.18782121013e-29 -2.07934678585e-13)
2.66000024352e-08,-1e+300,1.0337345891700001e-23,1.54340000862e-25,(1.73281267898e-11 -4.15747028975e-29 -2.0661866498e-13)
2.66999992734e-08,-1e+300,1.03209912697e-23,1.5432981115000002e-25,(1.73215627412e-11 -5.89136446739e-29 -2.03694646587e-13)
2.67999955766e-08,-1e+300,1.03077446103e-23,1.5437307993699999e-25,(1.73275282027e-11 -7.42583018843e-29 -2.03686386663e-13)
2.68999982965e-08,-1e+300,1.02952718908e-23,1.54405804363e-25,(1.73339487475e-11 -9.29216651247e-29 -2.0525487132e-13)
2.69999985911e-08,-1e+300,1.02809322304e-23,1.54426139398e-25,(1.7334292737e-11 -6.50198904989e-29 -2.0472600576e-13)
2.71000030326e-08,-1e+300,1.02664178408e-23,1.5442760954899999e-25,(1.73291892736e-11 -6.65056368553e-29 -2.01968453327e-13)
2.72000022029e-08,-1e+300,1.02522581615e-23,1.54450946807e-25,(1.73300795761e-11 -1.09495854375e-28 -2.00957793685e-13)
2.7300001958e-08,-1e+300,1.02411706452e-23,1.5449756056899998e-25,(1.73376165026e-11 -1.17629624066e-28 -2.02172110271e-13)
2.74000045271e-08,-1e+300,1.02287168811e-23,1.54525069558e-25,(1.73400867161e-11 -1.6681740592e-28 -2.02224703408e-13)
2.7500000085e-08,-1e+300,1.0213345954600001e-23,1.54516935246e-25,(1.733725704e-11 -1.8964768575e-28 -2.0009313591e-13)
2.76000016587e-08,-1e+300,1.019804484e-23,1.54518223225e-25,(1.73327785342e-11 -2.44571772668e-28 -1.98108808519e-13)
2.7700003221e-08,-1e+300,1.01871618836e-23,1.54562061285e-25,(1.73413668179e-11 -1.79986199158e-28 -1.99354259659e-13)
2.78000008147e-08,-1e+300,1.01752415133e-23,1.54595710877e-25,(1.73448882586e-11 -1.74923066369e-28 -1.9960439816e-13)
2.78999957162e-08,-1e+300,1.01605046914e-23,1.54593234121e-25,(1.73433680898e-11 -1.14503354325e-28 -1.98311779195e-13)
2.7999995348e-08,-1e+300,1.0143917395400001e-23,1.5456632672499998e-25,(1.73363616491e-11 -7.07182745945e-29 -1.95958236989e-13)
2.80999998365e-08,-1e+300,1.01325231433e-23,1.54610764073e-25,(1.73443404951e-11 -2.0922805219e-29 -1.96363047677e-13)
2.82000020975e-08,-1e+300,1.0121787262000001e-23,1.54653885229e-25,(1.7349423831e-11 1.82047181636e-28 -1.97255853896e-13)
2.83000016521e-08,-1e+300,1.0108681986500001e-23,1.54656597041e-25,(1.73496597706e-11 1.80058425492e-28 -1.9629681914e-13)
2.83999975491e-08,-1e+300,1.0092705553000001e-23,1.54629520381e-25,(1.73445308233e-11 2.56316744749e-28 -1.93867490529e-13)
2.85000030774e-08,-1e+300,1.0078297280900001e-23,1.5464143091699999e-25,(1.73465456016e-11 2.92850164159e-28 -1.93551945793e-13)
2.85999991131e-08,-1e+300,1.0067490389100001e-23,1.54673828306e-25,(1.73533806554e-11 3.4644678332e-28 -1.94929660493e-13)
2.87000049688e-08,-1e+300,1.00560317492e-23,1.54694286464e-25,(1.73549913208e-11 3.03093495751e-28 -1.94547759623e-13)
2.87999973447e-08,-1e+300,1.00417512574e-23,1.54683306781e-25,(1.7351774539e-11 4.05330446079e-28 -1.92185723872e-13)
2.88999950285e-08,-1e+300,1.00261096352e-23,1.5467468476e-25,(1.73470581338e-11 3.95285699463e-28 -1.89976562076e-13)
2.89999949043e-08,-1e+300,1.00151316247e-23,1.5469911174399998e-25,(1.73563223925e-11 3.5085287294e-28 -1.91837917884e-13)
2.91000011413e-08,-1e+300,1.0003662066600001e-23,1.54729753925e-25,(1.73602978654e-11 3.55883051584e-28 -1.92575352352e-13)
2.9199999616e-08,-1e+300,9.99054481077e-24,1.54717274774e-25,(1.73588740017e-11 4.12795595754e-28 -1.91192305999e-13)
2.92999973019e-08,-1e+300,9.97468913425e-24,1.5470840270199998e-25,(1.73521919011e-11 4.6361905243e-28 -1.88426701904e-13)
2.94000019032e-08,-1e+300,9.96256447162e-24,1.5471405232000001e-25,(1.73577998417e-11 6.04253242867e-28 -1.88317239712e-13)
2.94999948252e-08,-1e+300,9.95236818098e-24,1.5473631732e-25,(1.73638888274e-11 6.28905660856e-28 -1.89687558538e-13)
2.95999945801e-08,-1e+300,9.940082523600001e-24,1.54744497211e-25,(1.73651183868e-11 7.04737065271e-28 -1.89537729625e-13)
2.96999984562e-08,-1e+300,9.925787367680001e-24,1.5472139571099998e-25,(1.73610740823e-11 6.38290509911e-28 -1.87079594609e-13)
2.97999997741e-08,-1e+300,9.91129260765e-24,1.54699288376e-25,(1.7359201031e-11 5.36701255187e-28 -1.85584628215e-13)
2.99000037524e-08,-1e+300,9.90077026007e-24,1.54738181182e-25,(1.73669260519e-11 4.06325867904e-28 -1.86904798541e-13)
2.99999961495e-08,-1e+300,9.889601342700001e-24,1.5475825663799999e-25,(1.7369970451e-11 3.06108896378e-28 -1.87247045827e-13)
3.00999968649e-08,-1e+300,9.87665650545e-24,1.5474859851599998e-25,(1.73685951152e-11 1.77249623521e-28 -1.86087245832e-13)
3.02000027227e-08,-1e+300,9.86104685634e-24,1.54711561786e-25,(1.73618493537e-11 9.93354165867e-29 -1.83512656274e-13)
3.02999963027e-08,-1e+300,9.84994362709e-24,1.54681808843e-25,(1.73692606429e-11 1.29993815706e-28 -1.8366759447e-13)
3.04000049402e-08,-1e+300,9.8400217259e-24,1.54766364801e-25,(1.73741806185e-11 1.39828987128e-28 -1.84864285265e-13)
3.05000032722e-08,-1e+300,9.8281450207e-24,1.54773991145e-25,(1.73748255622e-11 1.99117088418e-28 -1.84334389329e-13)
3.0600000043e-08,-1e+300,9.813729195160001e-24,1.5474455371799999e-25,(1.73711448272e-11 2.74619430598e-28 -1.82190684181e-13)
3.07000047981e-08,-1e+300,9.79894407755e-24,1.54728013636e-25,(1.73703420125e-11 3.38741193981e-28 -1.80849692395e-13)
3.07999962836e-08,-1e+300,9.78940467191e-24,1.54763457608e-25,(1.73775941205e-11 4.85347796017e-28 -1.82289734415e-13)
3.09000016295e-08,-1e+300,9.77911640422e-24,1.54780924475e-25,(1.73804037403e-11 5.77410516626e-28 -1.82508175981e-13)
3.09999976797e-08,-1e+300,9.766651302100001e-24,1.5477740947399998e-25,(1.73787990043e-11 6.73141825478e-28 -1.81092564533e-13)
3.11000048231e-08,-1e+300,9.751102230910001e-24,1.54757428323e-25,(1.73723583283e-11 7.37655210196e-28 -1.78735643332e-13)
3.11999998951e-08,-1e+300,9.73982210349e-24,1.54710391387e-25,(1.73798531747e-11 8.16138779524e-28 -1.79132216979e-13)
3.12999966471e-08,-1e+300,9.73034284212e-24,1.54789441447e-25,(1.73851423624e-11 8.81799407117e-28 -1.80518164892e-13)
3.13999981928e-08,-1e+300,9.7195434011e-24,1.5480176934899999e-25,(1.73859373041e-11 9.62367148663e-28 -1.79931853781e-13)
3.15000001193e-08,-1e+300,9.70700904759e-24,1.5479542726199999e-25,(1.73825194239e-11 9.98521976294e-28 -1.77555921726e-13)
3.1600002775e-08,-1e+300,9.69316948025e-24,1.5478316789e-25,(1.73801047035e-11 1.08008019829e-27 -1.75645087227e-13)
3.16999959872e-08,-1e+300,9.68350565852e-24,1.54834182897e-25,(1.73883555639e-11 1.05121747546e-27 -1.7726575244e-13)
3.18000042117e-08,-1e+300,9.67372668708e-24,1.5489024994299999e-25,(1.7392241384e-11 1.06192290477e-27 -1.78017616055e-13)
3.18999996419e-08,-1e+300,9.66291074714e-24,1.54948746155e-25,(1.73914109543e-11 1.04317652403e-27 -1.76961551792e-13)
3.20000031138e-08,-1e+300,9.64939249686e-24,1.54996888061e-25,(1.73861937453e-11 1.07067214836e-27 -1.74171932669e-13)
3.209999453e-08,-1e+300,9.63772199637e-24,1.55080211459e-25,(1.73908235572e-11 1.11400923359e-27 -1.73766273888e-13)
3.22000023972e-08,-1e+300,9.62856103336e-24,1.55170201373e-25,(1.73972681131e-11 1.18336129855e-27 -1.75161125438e-13)
3.22999946119e-08,-1e+300,9.61796056319e-24,1.55154490212e-25,(1.73992088061e-11 1.28201873008e-27 -1.75324861819e-13)
3.24000011519e-08,-1e+300,9.6053014477e-24,1.55001266175e-25,(1.73960299861e-11 1.27354031882e-27 -1.73847023327e-13)
3.24999981709e-08,-1e+300,9.58938669288e-24,1.5469712009e-25,(1.73884273275e-11 1.28355160212e-27 -1.7129524268e-13)
3.26000014109e-08,-1e+300,9.577567430990001e-24,1.54266144648e-25,(1.73952919488e-11 1.27855138292e-27 -1.72365433367e-13)
3.27000016565e-08,-1e+300,9.564935619200001e-24,1.53672644348e-25,(1.73969983871e-11 1.24110148372e-27 -1.73686775696e-13)
3.27999968005e-08,-1e+300,9.55010465948e-24,1.5290538080599999e-25,(1.73939866926e-11 1.18249336118e-27 -1.73609043471e-13)
3.29000017487e-08,-1e+300,9.5326948096e-24,1.52005437242e-25,(1.73861837592e-11 1.14394851063e-27 -1.72002677595e-13)
3.29999982384e-08,-1e+300,9.51542842358e-24,1.5108305927899999e-25,(1.73814871013e-11 1.06622037476e-27 -1.7071434963e-13)
3.30999997541e-08,-1e+300,9.50189642221e-24,1.50202656227e-25,(1.73844301465e-11 9.72389153457e-28 -1.72275345878e-13)
3.32000047951e-08,-1e+300,9.48798747758e-24,1.4932980635799999e-25,(1.73832467934e-11 8.90338704787e-28 -1.72904139182e-13)
3.3300002202e-08,-1e+300,9.47240230887e-24,1.48445408141e-25,(1.73779516314e-11 9.26861345806e-28 -1.72302604643e-13)
3.33999970264e-08,-1e+300,9.4541487668e-24,1.47534832602e-25,(1.73683094365e-11 9.32569906723e-28 -1.7059650847e-13)
3.35000023139e-08,-1e+300,9.439008008700001e-24,1.4677083835399998e-25,(1.73694775406e-11 8.87096355894e-28 -1.70618778265e-13)
3.36000018751e-08,-1e+300,9.42634810685e-24,1.46036145595e-25,(1.73719397131e-11 8.68294657687e-28 -1.72463037445e-13)
3.36999965973e-08,-1e+300,9.414766175860001e-24,1.4541966692799999e-25,(1.7371779108e-11 8.71122464076e-28 -1.72612332616e-13)
3.37999998493e-08,-1e+300,9.402197845950001e-24,1.44912405339e-25,(1.73687866252e-11 7.68542561878e-28 -1.71649783492e-13)
3.38999972697e-08,-1e+300,9.387135294390001e-24,1.44436423737e-25,(1.73617679286e-11 6.66891581443e-28 -1.69511791357e-13)
3.4000004192e-08,-1e+300,9.37475876404e-24,1.4405313123599998e-25,(1.73684640291e-11 5.67717516679e-28 -1.69437094121e-13)
3.4099996199e-08,-1e+300,9.36229896957e-24,1.43723286553e-25,(1.73696754616e-11 4.34187803131e-28 -1.70108117751e-13)
3.42000042488e-08,-1e+300,9.349963456010001e-24,1.43582414532e-25,(1.73677891374e-11 2.72226335497e-28 -1.69220210317e-13)
3.42999990291e-08,-1e+300,9.33695619621e-24,1.43431795196e-25,(1.736356812e-11 1.86387628329e-28 -1.67832920652e-13)
3.43999987165e-08,-1e+300,9.32470869588e-24,1.43405830232e-25,(1.73619971582e-11 6.32623309011e-29 -1.66364577423e-13)
3.45000028015e-08,-1e+300,9.31846551275e-24,1.43442060258e-25,(1.73730019123e-11 3.50810570475e-29 -1.67739974332e-13)
3.46000034979e-08,-1e+300,9.31433988961e-24,1.43613737199e-25,(1.73813630541e-11 -7.95228785549e-29 -1.68462986478e-13)
3.47000027331e-08,-1e+300,9.309557116450001e-24,1.4383962339099998e-25,(1.73858438517e-11 -1.28730519257e-28 -1.67542645628e-13)
3.47999962119e-08,-1e+300,9.30208410607e-24,1.44029941672e-25,(1.73857240696e-11 -8.84471417319e-29 -1.65203314808e-13)
3.489999867e-08,-1e+300,9.29340746788e-24,1.4420990457000001e-25,(1.73897814316e-11 -1.81221929615e-28 -1.64006954915e-13)
3.49999983747e-08,-1e+300,9.28928024084e-24,1.44470122846e-25,(1.74016305879e-11 -1.56135060807e-28 -1.65989818343e-13)
3.51000016737e-08,-1e+300,9.28615405012e-24,1.44845200372e-25,(1.74110310641e-11 -1.69665101002e-28 -1.67290468282e-13)
3.52000036615e-08,-1e+300,9.283344520150001e-24,1.45146370935e-25,(1.7416795241e-11 -2.64198256544e-28 -1.67201538818e-13)
3.52999958357e-08,-1e+300,9.27830585754e-24,1.45429277387e-25,(1.74179350205e-11 -3.16428288705e-28 -1.65552862571e-13)
3.54000012021e-08,-1e+300,9.273496329180001e-24,1.4568968695e-25,(1.74270475942e-11 -3.25644482867e-28 -1.65346777121e-13)
3.54999970757e-08,-1e+300,9.272420088020001e-24,1.46029077367e-25,(1.74403205459e-11 -3.79870465357e-28 -1.67828019214e-13)
3.56000053586e-08,-1e+300,9.27117855803e-24,1.46407944358e-25,(1.74507200421e-11 -4.12594064237e-28 -1.69657175167e-13)
3.5699995612e-08,-1e+300,9.26909610665e-24,1.46711477601e-25,(1.74573234699e-11 -4.32237049247e-28 -1.70189277732e-13)
3.58000009967e-08,-1e+300,9.264951392530001e-24,1.46940836368e-25,(1.74595617023e-11 -5.10617360704e-28 -1.69148410063e-13)
3.58999998653e-08,-1e+300,9.26227725944e-24,1.4718139099699998e-25,(1.74725912657e-11 -6.01478863236e-28 -1.69809928461e-13)
3.59999983532e-08,-1e+300,9.26267382901e-24,1.47521489027e-25,(1.74864830253e-11 -7.34814212984e-28 -1.7268228877e-13)
3.61000053201e-08,-1e+300,9.2622274475e-24,1.4783823689e-25,(1.74970419448e-11 -8.45507784743e-28 -1.74753696556e-13)
3.61999962551e-08,-1e+300,9.26055061125e-24,1.4808499857e-25,(1.75042382742e-11 -8.51030196511e-28 -1.756255942e-13)
3.62999977061e-08,-1e+300,9.25696489842e-24,1.48254817111e-25,(1.75065048624e-11 -9.41226339121e-28 -1.7502918224e-13)
3.64000043534e-08,-1e+300,9.25594214477e-24,1.4845122311000002e-25,(1.75224245941e-11 -9.9329019441e-28 -1.76480855336e-13)
3.65000022689e-08,-1e+300,9.25631880332e-24,1.4874610778699998e-25,(1.75362318008e-11 -9.98958604199e-28 -1.79669275078e-13)
3.66000002659e-08,-1e+300,9.25565090794e-24,1.48978010547e-25,(1.75465161218e-11 -9.89987982471e-28 -1.81852727066e-13)
3.66999989317e-08,-1e+300,9.25422024083e-24,1.49192799051e-25,(1.75537137062e-11 -1.08171834698e-27 -1.82886082494e-13)
3.67999959093e-08,-1e+300,9.25076411605e-24,1.49353208922e-25,(1.75568317577e-11 -1.0661543809e-27 -1.82388153525e-13)
3.69000046769e-08,-1e+300,9.25104242136e-24,1.49494705533e-25,(1.75745261357e-11 -1.08873099911e-27 -1.84343493273e-13)
3.70000045169e-08,-1e+300,9.25165573666e-24,1.49779092017e-25,(1.75877426401e-11 -1.07597969713e-27 -1.87485076569e-13)
3.7099998154e-08,-1e+300,9.25123905044e-24,1.4997631479099998e-25,(1.75975712767e-11 -1.0671542509e-27 -1.8932537312e-13)
3.7199997071e-08,-1e+300,9.24934009181e-24,1.50148255345e-25,(1.76039305061e-11 -1.08065709445e-27 -1.90101971128e-13)
3.72999951501e-08,-1e+300,9.24547007097e-24,1.50255547645e-25,(1.76086354363e-11 -1.07733314781e-27 -1.89846897914e-13)
3.73999960481e-08,-1e+300,9.245141594240001e-24,1.50390724496e-25,(1.76252555521e-11 -1.01279140728e-27 -1.91571137594e-13)
3.75000033499e-08,-1e+300,9.24539465332e-24,1.5062780089e-25,(1.76376414737e-11 -1.00649642031e-27 -1.9406283179e-13)
3.76000024727e-08,-1e+300,9.2444726298e-24,1.50780861905e-25,(1.76465081602e-11 -9.28115230402e-28 -1.94904330416e-13)
3.77000008908e-08,-1e+300,9.24183458665e-24,1.5089846675399998e-25,(1.76517271541e-11 -1.00926473928e-27 -1.9457601585e-13)
3.77999976214e-08,-1e+300,9.237618326150001e-24,1.50966776173e-25,(1.76565474975e-11 -1.0017099242e-27 -1.93489480806e-13)
3.79000001652e-08,-1e+300,9.23635184492e-24,1.5108722897e-25,(1.7672223432e-11 -9.12653478175e-28 -1.94374729151e-13)
3.8000002902e-08,-1e+300,9.23550984557e-24,1.51249164047e-25,(1.76834114458e-11 -8.29624077318e-28 -1.95913726346e-13)
3.81000004128e-08,-1e+300,9.2333761601e-24,1.5135865916299999e-25,(1.76909040103e-11 -7.68511696684e-28 -1.95543944194e-13)
3.81999989387e-08,-1e+300,9.22953335041e-24,1.51425225281e-25,(1.7694696803e-11 -7.75071119983e-28 -1.93826298734e-13)
3.82999992446e-08,-1e+300,9.22481693414e-24,1.51445595888e-25,(1.76994235504e-11 -6.99778958988e-28 -1.9175369431e-13)
3.84000001557e-08,-1e+300,9.22280569919e-24,1.51555416035e-25,(1.77139507607e-11 -6.39553240758e-28 -1.91520115322e-13)
3.84999994099e-08,-1e+300,9.22100449544e-24,1.51675274473e-25,(1.77245307746e-11 -6.51775868138e-28 -1.92085961541e-13)
3.86000002535e-08,-1e+300,9.21823309916e-24,1.51750643751e-25,(1.77311787516e-11 -5.50684426028e-28 -1.91008928433e-13)
3.86999973752e-08,-1e+300,9.21363141594e-24,1.51776129543e-25,(1.77339746977e-11 -5.31747966194e-28 -1.88621288103e-13)
3.88000052735e-08,-1e+300,9.20795276077e-24,1.51779286808e-25,(1.77378212548e-11 -4.61777207786e-28 -1.86003799313e-13)
3.89000057857e-08,-1e+300,9.20519548994e-24,1.5185680014e-25,(1.77516735655e-11 -4.93276016978e-28 -1.85175125423e-13)
3.89999985968e-08,-1e+300,9.202445294750001e-24,1.51954388852e-25,(1.77616654854e-11 -3.89441452828e-28 -1.85784319771e-13)
3.90999966466e-08,-1e+300,9.19913868042e-24,1.52005071954e-25,(1.77676124163e-11 -3.93218903834e-28 -1.84637756849e-13)
3.92000041014e-08,-1e+300,9.194067644510001e-24,1.52027069274e-25,(1.77695562198e-11 -3.11998032556e-28 -1.81968036524e-13)
3.93000004495e-08,-1e+300,9.18818661557e-24,1.51996646854e-25,(1.77728455475e-11 -2.89297315505e-28 -1.79327492518e-13)
3.94000052178e-08,-1e+300,9.185266158600001e-24,1.52067377752e-25,(1.77862175746e-11 -1.77865663251e-28 -1.78832023345e-13)
3.95000038707e-08,-1e+300,9.18217982917e-24,1.5214522209e-25,(1.77957462137e-11 -9.11037356834e-29 -1.78149509023e-13)
3.9600000037e-08,-1e+300,9.17782902003e-24,1.52177911682e-25,(1.78016436057e-11 8.64541589572e-30 -1.76200323697e-13)
3.96999982646e-08,-1e+300,9.17222462609e-24,1.5216369327399998e-25,(1.78030468471e-11 7.91323966831e-29 -1.73028511762e-13)
3.97999991179e-08,-1e+300,9.16583289989e-24,1.52130192863e-25,(1.78052129596e-11 2.07678131001e-28 -1.6990667414e-13)
3.99000043969e-08,-1e+300,9.16248473867e-24,1.52192999039e-25,(1.78180713289e-11 3.53700932054e-28 -1.6828577537e-13)
3.99999992452e-08,-1e+300,9.15906063493e-24,1.5226070274899998e-25,(1.78270348125e-11 4.65280993474e-28 -1.66683662508e-13)
4.00999983843e-08,-1e+300,9.154233227220001e-24,1.52280902091e-25,(1.78325585444e-11 6.17423938656e-28 -1.64088353191e-13)
4.01999954547e-08,-1e+300,9.14797504249e-24,1.5224833865899998e-25,(1.78339349736e-11 7.30644714712e-28 -1.60434318393e-13)
4.03000007669e-08,-1e+300,9.14087370892e-24,1.5220151565399999e-25,(1.78349841087e-11 8.13091645597e-28 -1.56599173533e-13)
4.04000000663e-08,-1e+300,9.13679665901e-24,1.5225535193399998e-25,(1.78476265913e-11 8.74849784036e-28 -1.54924525583e-13)
4.05000011448e-08,-1e+300,9.13275465218e-24,1.52309972452e-25,(1.78563381864e-11 1.00510092903e-27 -1.5275983401e-13)
4.06000048494e-08,-1e+300,9.12765760703e-24,1.52325449424e-25,(1.78615372424e-11 1.05979250435e-27 -1.49597425999e-13)
4.06999941767e-08,-1e+300,9.12098041677e-24,1.5227813166000002e-25,(1.78629015565e-11 1.15183022505e-27 -1.45956752975e-13)
4.0800002039e-08,-1e+300,9.113300662180001e-24,1.52222276627e-25,(1.78626154403e-11 1.24453074098e-27 -1.42304718117e-13)
4.08999946333e-08,-1e+300,9.10900016531e-24,1.52278025601e-25,(1.78748748069e-11 1.32422624426e-27 -1.40448714507e-13)
4.09999944371e-08,-1e+300,9.104985475850001e-24,1.52349065512e-25,(1.78832986215e-11 1.44428976367e-27 -1.38032812637e-13)
4.10999953157e-08,-1e+300,9.09956420016e-24,1.5237278451199999e-25,(1.78883561462e-11 1.49695547426e-27 -1.35511611695e-13)
4.12000033779e-08,-1e+300,9.09266592584e-24,1.52330819818e-25,(1.78896280924e-11 1.58116023371e-27 -1.31854204135e-13)
4.12999997203e-08,-1e+300,9.08404927262e-24,1.52275477796e-25,(1.78882467488e-11 1.67527904507e-27 -1.28241725531e-13)
4.140000546e-08,-1e+300,9.07984105767e-24,1.52346315487e-25,(1.79004622782e-11 1.67860414016e-27 -1.26873764284e-13)
4.15000043011e-08,-1e+300,9.07605960632e-24,1.52429844601e-25,(1.79089035217e-11 1.58459516054e-27 -1.24900443638e-13)
4.1599999417e-08,-1e+300,9.07075531839e-24,1.5246280815899999e-25,(1.7913834376e-11 1.60149753887e-27 -1.22668811302e-13)
4.16999960191e-08,-1e+300,9.06411250519e-24,1.52427425733e-25,(1.79150988689e-11 1.53699132223e-27 -1.20171875419e-13)
4.1799996144e-08,-1e+300,9.05548212094e-24,1.5238186355199999e-25,(1.79124900435e-11 1.56385678232e-27 -1.16622593608e-13)
4.19000052351e-08,-1e+300,9.050488198650001e-24,1.52456057449e-25,(1.79242724066e-11 1.52469183947e-27 -1.1565731969e-13)
4.20000041285e-08,-1e+300,9.04655091547e-24,1.5255025926e-25,(1.79325777189e-11 1.50539711109e-27 -1.14199061549e-13)
4.21000056887e-08,-1e+300,9.041264876200001e-24,1.52592391982e-25,(1.79375687793e-11 1.45483423951e-27 -1.12263014578e-13)
4.22000030053e-08,-1e+300,9.03482889327e-24,1.52578744524e-25,(1.793884268e-11 1.46285176963e-27 -1.09950764906e-13)
4.22999940051e-08,-1e+300,9.02645301532e-24,1.5252932723499998e-25,(1.79364214456e-11 1.39919619599e-27 -1.06723120122e-13)
4.23999977452e-08,-1e+300,9.02101554248e-24,1.52601894776e-25,(1.79465526966e-11 1.42437126391e-27 -1.05984665818e-13)
4.2499998249e-08,-1e+300,9.016985029070001e-24,1.52708333795e-25,(1.7955092464e-11 1.38223175569e-27 -1.04922819088e-13)
4.2599994061e-08,-1e+300,9.01186169499e-24,1.52759047292e-25,(1.79601103177e-11 1.32641611173e-27 -1.03413539822e-13)
4.27000033346e-08,-1e+300,9.005302872810001e-24,1.52749642589e-25,(1.79614472669e-11 1.31262506928e-27 -1.01425151661e-13)
4.27999959367e-08,-1e+300,8.99682541443e-24,1.52701140861e-25,(1.79589750967e-11 1.29269884741e-27 -9.85006591151e-14)
4.29000040065e-08,-1e+300,8.990823753270001e-24,1.52764964098e-25,(1.79667866309e-11 1.27813151453e-27 -9.7676993667e-14)
4.30000002748e-08,-1e+300,8.98671288583e-24,1.5287244501799999e-25,(1.79758018917e-11 1.25115740108e-27 -9.70135215426e-14)
4.30999974823e-08,-1e+300,8.98176222201e-24,1.52939150736e-25,(1.79811174176e-11 1.22552593063e-27 -9.57541109661e-14)
4.31999990601e-08,-1e+300,8.9754407596e-24,1.5294018788899998e-25,(1.79827471461e-11 1.19934891436e-27 -9.4006547028e-14)
4.32999965524e-08,-1e+300,8.96725587829e-24,1.52922657539e-25,(1.79803872316e-11 1.16751053217e-27 -9.12523942341e-14)
4.33999945128e-08,-1e+300,8.960866016050001e-24,1.52948621856e-25,(1.79859779961e-11 1.13843100684e-27 -9.01899166543e-14)
4.34999951139e-08,-1e+300,8.95682772489e-24,1.53067928586e-25,(1.79950706781e-11 1.14933306085e-27 -8.9844471494e-14)
4.36000006384e-08,-1e+300,8.951615232140001e-24,1.53135917992e-25,(1.80009523287e-11 1.09859851798e-27 -8.89780724839e-14)
4.3700002352e-08,-1e+300,8.945525395900001e-24,1.53141436399e-25,(1.80028717305e-11 1.10880628169e-27 -8.76853051647e-14)
4.38000001284e-08,-1e+300,8.93790160945e-24,1.53094663531e-25,(1.80009304286e-11 1.10094036787e-27 -8.51128099709e-14)
4.39000051468e-08,-1e+300,8.930912679360001e-24,1.53139762118e-25,(1.80035304371e-11 1.09019142425e-27 -8.34299729711e-14)
4.40000009121e-08,-1e+300,8.92703874338e-24,1.53265579216e-25,(1.80129005945e-11 1.07596120055e-27 -8.32723276104e-14)
4.41000033399e-08,-1e+300,8.92212893377e-24,1.53342584451e-25,(1.8019152653e-11 9.80354762831e-28 -8.26455750283e-14)
4.42000054776e-08,-1e+300,8.91577032935e-24,1.53355771797e-25,(1.80219022649e-11 1.02135284326e-27 -8.1723751092e-14)
4.4299995597e-08,-1e+300,8.90837042362e-24,1.53310362075e-25,(1.80206042756e-11 1.04021015769e-27 -7.97794922833e-14)
4.43999982114e-08,-1e+300,8.90040895403e-24,1.53323728679e-25,(1.80201382304e-11 1.01273384343e-27 -7.74124078288e-14)
4.45000030598e-08,-1e+300,8.89640304556e-24,1.53453995572e-25,(1.80296929819e-11 9.988474025e-28 -7.74406376727e-14)
4.4600003515e-08,-1e+300,8.89182704705e-24,1.53541821803e-25,(1.80361834344e-11 9.76855627285e-28 -7.68855912055e-14)
4.4700004919e-08,-1e+300,8.88569119055e-24,1.53561181804e-25,(1.80394794881e-11 9.40694627324e-28 -7.61276783607e-14)
4.47999975098e-08,-1e+300,8.87853699207e-24,1.53525978405e-25,(1.80389242788e-11 9.26670964841e-28 -7.46004238483e-14)
4.48999949616e-08,-1e+300,8.87012230173e-24,1.53503799578e-25,(1.8035192965e-11 9.16879460176e-28 -7.18651031015e-14)
4.50000018423e-08,-1e+300,8.86606598508e-24,1.5363883749499999e-25,(1.80451831716e-11 8.40975898021e-28 -7.19216993798e-14)
4.51000056353e-08,-1e+300,8.86155918564e-24,1.5373272962599998e-25,(1.80521207375e-11 7.7281223502e-28 -7.14723716479e-14)
4.52000003467e-08,-1e+300,8.8556800132e-24,1.53761711167e-25,(1.80559578016e-11 7.40610477777e-28 -7.09022043741e-14)
4.53000011275e-08,-1e+300,8.848449319900001e-24,1.53733389445e-25,(1.8056410601e-11 6.67962911491e-28 -6.97946976648e-14)
4.5400003359e-08,-1e+300,8.84017745922e-24,1.53625509445e-25,(1.80532934234e-11 5.97292814565e-28 -6.73890849412e-14)
4.55000054852e-08,-1e+300,8.83537080983e-24,1.53806595192e-25,(1.80597876618e-11 5.30102692362e-28 -6.6932340909e-14)
4.56000053065e-08,-1e+300,8.83120663583e-24,1.53920994449e-25,(1.80670001589e-11 5.01396059096e-28 -6.64482316487e-14)
4.56999971113e-08,-1e+300,8.825900382780001e-24,1.53939166163e-25,(1.80715089209e-11 4.29949165877e-28 -6.5794925197e-14)
4.57999961981e-08,-1e+300,8.81908878857e-24,1.5393858760399998e-25,(1.80724244739e-11 3.56031556877e-28 -6.49332742863e-14)
4.58999966438e-08,-1e+300,8.81056888044e-24,1.53860778551e-25,(1.8069840749e-11 3.11892793875e-28 -6.30295630656e-14)
4.59999951521e-08,-1e+300,8.80461036974e-24,1.53966923135e-25,(1.80730857962e-11 2.97835994e-28 -6.22557279297e-14)
4.60999948646e-08,-1e+300,8.80049414397e-24,1.5407094588399998e-25,(1.80810518719e-11 2.6378497103e-28 -6.19956384939e-14)
4.62000015965e-08,-1e+300,8.79549693915e-24,1.54127002687e-25,(1.80859516892e-11 2.60530021469e-28 -6.13663891765e-14)
4.63000046751e-08,-1e+300,8.789176835080001e-24,1.54124907439e-25,(1.80878210403e-11 2.24237010985e-28 -6.06657215299e-14)
4.63999978402e-08,-1e+300,8.78144497646e-24,1.54061473163e-25,(1.8086010574e-11 1.91825981544e-28 -5.92287316419e-14)
4.64999958434e-08,-1e+300,8.77402023097e-24,1.5410951232399998e-25,(1.80855636687e-11 2.11882691334e-28 -5.7483672524e-14)
4.65999963289e-08,-1e+300,8.77012493779e-24,1.54233654008e-25,(1.80939323758e-11 1.97522516812e-28 -5.76694139212e-14)
4.67000056858e-08,-1e+300,8.76544419181e-24,1.5429533198199998e-25,(1.80994572722e-11 2.27523568185e-28 -5.69627674408e-14)
4.68000018157e-08,-1e+300,8.759444882e-24,1.54293472548e-25,(1.81021122429e-11 2.31703382479e-28 -5.62394632534e-14)
4.69000037523e-08,-1e+300,8.7520922204e-24,1.54250622079e-25,(1.81011472898e-11 2.80309234905e-28 -5.51004054424e-14)
4.6999995157e-08,-1e+300,8.74360148908e-24,1.54240835863e-25,(1.809722273e-11 2.29396990732e-28 -5.29694649038e-14)
4.70999989217e-08,-1e+300,8.73941180671e-24,1.54361518049e-25,(1.81060055047e-11 2.70023032547e-28 -5.32462040804e-14)
4.72000011278e-08,-1e+300,8.735234673350001e-24,1.54441540474e-25,(1.81122765394e-11 2.95113886509e-28 -5.2823638653e-14)
4.73000049628e-08,-1e+300,8.72983620868e-24,1.5446892975899998e-25,(1.81156186992e-11 2.89207521195e-28 -5.19083939686e-14)
4.74000041356e-08,-1e+300,8.72314851362e-24,1.54413345729e-25,(1.81159118748e-11 2.70310012552e-28 -5.0794688617e-14)
4.74999956127e-08,-1e+300,8.7149582722e-24,1.54394208688e-25,(1.81123963119e-11 2.3097119797e-28 -4.86686700496e-14)
4.75999975849e-08,-1e+300,8.70953862452e-24,1.54487508902e-25,(1.81168869045e-11 2.07176945383e-28 -4.83109538366e-14)
