Time,max(CACoordsX),min(CACoordsX),max(Result),min(Result),max(coordsX),min(coordsX)
9.99987e-11,1.59491e-07,1.59173e-07,6544630.0,-22166100.0,1.60164e-07,1.59173e-07
1.99999e-10,1.59163e-07,1.58843e-07,6677050.0,-23150300.0,1.59898e-07,1.58843e-07
3.00002e-10,1.58856e-07,1.58537e-07,6822310.0,-23095500.0,1.59597e-07,1.58537e-07
4.00002e-10,1.58554e-07,1.58236e-07,6586080.0,-23324500.0,1.59294e-07,1.58236e-07
5.00003e-10,1.58257e-07,1.57938e-07,6607530.0,-23404400.0,1.58996e-07,1.57938e-07
6.00001e-10,1.57963e-07,1.57646e-07,6310320.0,-24039300.0,1.58705e-07,1.57646e-07
6.99999e-10,1.57676e-07,1.57362e-07,6306650.0,-23846600.0,1.58419e-07,1.57362e-07
8.00001e-10,1.57393e-07,1.57078e-07,6300440.0,-23749800.0,1.58135e-07,1.57078e-07
8.99999e-10,1.57113e-07,1.56796e-07,6146800.0,-24214200.0,1.57855e-07,1.56796e-07
1e-09,1.56836e-07,1.56525e-07,6136920.0,-24175000.0,1.57581e-07,1.56525e-07
1.1e-09,1.56566e-07,1.56254e-07,6060570.0,-24157600.0,1.57309e-07,1.56254e-07
1.2e-09,1.56296e-07,1.55982e-07,5855490.0,-24723600.0,1.57039e-07,1.55982e-07
1.3e-09,1.56029e-07,1.55721e-07,5913880.0,-24554600.0,1.56775e-07,1.55721e-07
1.4e-09,1.55769e-07,1.55459e-07,5805040.0,-24695200.0,1.56513e-07,1.55459e-07
1.5e-09,1.55508e-07,1.55196e-07,5549160.0,-25307600.0,1.56252e-07,1.55196e-07
1.6e-09,1.5525e-07,1.54944e-07,5612910.0,-25099100.0,1.55997e-07,1.54944e-07
1.7e-09,1.54998e-07,1.5469e-07,5429220.0,-25427600.0,1.55742e-07,1.5469e-07
1.8e-09,1.54744e-07,1.54437e-07,5570450.0,-25175200.0,1.55491e-07,1.54437e-07
1.9e-09,1.54497e-07,1.54192e-07,5399980.0,-25429200.0,1.55243e-07,1.54192e-07
2e-09,1.5425e-07,1.53943e-07,5238740.0,-25773400.0,1.54995e-07,1.53943e-07
2.1e-09,1.54003e-07,1.53702e-07,5384590.0,-25496800.0,1.54752e-07,1.53702e-07
2.2e-09,1.53765e-07,1.53461e-07,5208770.0,-25814500.0,1.5451e-07,1.53461e-07
2.3e-09,1.53523e-07,1.53218e-07,5094310.0,-26061800.0,1.5427e-07,1.53218e-07
2.4e-09,1.53287e-07,1.52986e-07,5002450.0,-26224300.0,1.54034e-07,1.52986e-07
2.5e-09,1.53052e-07,1.52748e-07,5019700.0,-26163800.0,1.53798e-07,1.52748e-07
2.6e-09,1.52816e-07,1.52518e-07,4995200.0,-26221500.0,1.53565e-07,1.52518e-07
2.7e-09,1.52588e-07,1.52286e-07,4930990.0,-26328400.0,1.53334e-07,1.52286e-07
2.8e-09,1.52356e-07,1.52056e-07,4833800.0,-26523600.0,1.53105e-07,1.52056e-07
2.9e-09,1.52131e-07,1.51832e-07,4918660.0,-26306100.0,1.52878e-07,1.51832e-07
3e-09,1.51904e-07,1.51602e-07,4760690.0,-26637400.0,1.52652e-07,1.51602e-07
3.1e-09,1.51681e-07,1.51384e-07,4736860.0,-26620700.0,1.5243e-07,1.51384e-07
3.2e-09,1.5146e-07,1.51159e-07,4597470.0,-26941600.0,1.52207e-07,1.51159e-07
3.3e-09,1.51238e-07,1.50943e-07,4538550.0,-27136300.0,1.51988e-07,1.50943e-07
3.4e-09,1.51022e-07,1.50723e-07,4651670.0,-26827700.0,1.51769e-07,1.50723e-07
3.5e-09,1.50801e-07,1.50508e-07,4534470.0,-27026500.0,1.51553e-07,1.50508e-07
3.6e-09,1.5059e-07,1.50293e-07,4417360.0,-27281900.0,1.51338e-07,1.50293e-07
3.7e-09,1.50373e-07,1.50079e-07,4448750.0,-27194400.0,1.51124e-07,1.50079e-07
3.8e-09,1.50165e-07,1.49869e-07,4410940.0,-27270700.0,1.50913e-07,1.49869e-07
3.9e-09,1.49952e-07,1.49657e-07,4355410.0,-27359100.0,1.50702e-07,1.49657e-07
4e-09,1.49745e-07,1.4945e-07,4329960.0,-27398600.0,1.50494e-07,1.4945e-07
4.1e-09,1.49536e-07,1.4924e-07,4313380.0,-27426500.0,1.50286e-07,1.4924e-07
4.2e-09,1.49332e-07,1.49038e-07,4173210.0,-27687100.0,1.50081e-07,1.49038e-07
4.3e-09,1.49125e-07,1.4883e-07,4186760.0,-27656000.0,1.49876e-07,1.4883e-07
4.4e-09,1.48924e-07,1.48631e-07,4173920.0,-27657700.0,1.49673e-07,1.48631e-07
4.5e-09,1.4872e-07,1.48425e-07,4069750.0,-27880100.0,1.49471e-07,1.48425e-07
4.6e-09,1.48521e-07,1.48229e-07,4173400.0,-27637500.0,1.49271e-07,1.48229e-07
4.7e-09,1.48321e-07,1.48026e-07,4087830.0,-27842200.0,1.49072e-07,1.48026e-07
4.8e-09,1.48124e-07,1.47833e-07,3955280.0,-28075400.0,1.48875e-07,1.47833e-07
4.9e-09,1.47926e-07,1.47632e-07,4016960.0,-27972400.0,1.48677e-07,1.47632e-07
5e-09,1.47732e-07,1.47441e-07,3887610.0,-28206800.0,1.48483e-07,1.47441e-07
5.1e-09,1.47536e-07,1.47244e-07,3909190.0,-28169800.0,1.48288e-07,1.47244e-07
5.2e-09,1.47345e-07,1.47054e-07,3892170.0,-28193600.0,1.48096e-07,1.47054e-07
5.3e-09,1.47151e-07,1.4686e-07,3878120.0,-28218500.0,1.47904e-07,1.4686e-07
5.4e-09,1.46963e-07,1.46672e-07,3894610.0,-28193000.0,1.47714e-07,1.46672e-07
5.49999e-09,1.4677e-07,1.46482e-07,3764850.0,-28351400.0,1.47579e-07,1.46482e-07
5.6e-09,1.46585e-07,1.46294e-07,3702430.0,-28587500.0,1.47336e-07,1.46294e-07
5.7e-09,1.46393e-07,1.46107e-07,3721700.0,-28479300.0,1.47148e-07,1.46107e-07
5.8e-09,1.46211e-07,1.4592e-07,3705860.0,-28588200.0,1.46963e-07,1.4592e-07
5.9e-09,1.46023e-07,1.45737e-07,3675660.0,-28540700.0,1.46778e-07,1.45737e-07
6e-09,1.45841e-07,1.4555e-07,3594860.0,-28804300.0,1.46593e-07,1.4555e-07
6.1e-09,1.45656e-07,1.4537e-07,3571050.0,-28716700.0,1.46411e-07,1.4537e-07
6.2e-09,1.45475e-07,1.45183e-07,3593010.0,-28799100.0,1.46228e-07,1.45183e-07
6.3e-09,1.45294e-07,1.45008e-07,3559240.0,-28748900.0,1.46048e-07,1.45008e-07
6.4e-09,1.45113e-07,1.44823e-07,3577410.0,-28816800.0,1.45867e-07,1.44823e-07
6.50001e-09,1.44935e-07,1.44648e-07,3571540.0,-28765800.0,1.45689e-07,1.44648e-07
6.6e-09,1.44769e-07,1.44468e-07,3495650.0,-28905800.0,1.4551e-07,1.44468e-07
6.7e-09,1.44649e-07,1.44292e-07,3474100.0,-28917100.0,1.45334e-07,1.44292e-07
6.8e-09,1.44527e-07,1.44117e-07,3421420.0,-29055200.0,1.45157e-07,1.44117e-07
6.9e-09,1.44394e-07,1.43939e-07,3363320.0,-29243300.0,1.44982e-07,1.43939e-07
7e-09,1.44086e-07,1.43768e-07,3402600.0,-29041000.0,1.44808e-07,1.43768e-07
7.1e-09,1.43879e-07,1.43588e-07,3413340.0,-29144700.0,1.44634e-07,1.43588e-07
7.2e-09,1.43706e-07,1.43422e-07,3399980.0,-29075100.0,1.44462e-07,1.43422e-07
7.3e-09,1.43532e-07,1.43246e-07,3327030.0,-29291200.0,1.44289e-07,1.43246e-07
7.4e-09,1.43364e-07,1.43078e-07,3301280.0,-29329700.0,1.44119e-07,1.43078e-07
7.5e-09,1.43189e-07,1.42908e-07,3304390.0,-29300300.0,1.43948e-07,1.42908e-07
7.60001e-09,1.43024e-07,1.42736e-07,3211670.0,-29540600.0,1.43779e-07,1.42736e-07
7.7e-09,1.42853e-07,1.42571e-07,3238470.0,-29366300.0,1.43611e-07,1.42571e-07
7.8e-09,1.42686e-07,1.42397e-07,3182090.0,-29601000.0,1.43443e-07,1.42397e-07
7.9e-09,1.4252e-07,1.42236e-07,3152710.0,-29609300.0,1.43276e-07,1.42236e-07
8e-09,1.42351e-07,1.42068e-07,3209940.0,-29514300.0,1.4311e-07,1.42068e-07
8.1e-09,1.42188e-07,1.41903e-07,3115540.0,-29727700.0,1.42945e-07,1.41903e-07
8.2e-09,1.4202e-07,1.4174e-07,3146910.0,-29582500.0,1.4278e-07,1.4174e-07
8.3e-09,1.41859e-07,1.41571e-07,3128760.0,-29720900.0,1.42616e-07,1.41571e-07
8.4e-09,1.41695e-07,1.41413e-07,3111500.0,-29675600.0,1.42453e-07,1.41413e-07
8.5e-09,1.41531e-07,1.41247e-07,3064470.0,-29817600.0,1.4229e-07,1.41247e-07
8.6e-09,1.41372e-07,1.41088e-07,3125890.0,-29702300.0,1.42129e-07,1.41088e-07
8.7e-09,1.41206e-07,1.40928e-07,3042320.0,-29802300.0,1.41968e-07,1.40928e-07
8.8e-09,1.41049e-07,1.40763e-07,3012780.0,-29863600.0,1.41808e-07,1.40763e-07
8.9e-09,1.40889e-07,1.40608e-07,3048620.0,-29803200.0,1.41648e-07,1.40608e-07
9e-09,1.40729e-07,1.40446e-07,2979880.0,-29992700.0,1.41489e-07,1.40446e-07
9.1e-09,1.40573e-07,1.4029e-07,2945650.0,-30074600.0,1.41331e-07,1.4029e-07
9.19999e-09,1.40411e-07,1.40133e-07,2989520.0,-29909800.0,1.41173e-07,1.40133e-07
9.3e-09,1.40257e-07,1.39972e-07,2920220.0,-30147900.0,1.41016e-07,1.39972e-07
9.4e-09,1.40101e-07,1.3982e-07,2969490.0,-29985600.0,1.40861e-07,1.3982e-07
9.50001e-09,1.39943e-07,1.39662e-07,2929110.0,-30089900.0,1.40704e-07,1.39662e-07
9.6e-09,1.39791e-07,1.39508e-07,2914420.0,-30149100.0,1.4055e-07,1.39508e-07
9.70001e-09,1.39633e-07,1.39355e-07,2884690.0,-30095000.0,1.40395e-07,1.39355e-07
9.80001e-09,1.39481e-07,1.39195e-07,2847560.0,-30287600.0,1.40242e-07,1.39195e-07
9.9e-09,1.39329e-07,1.39048e-07,2824970.0,-30303900.0,1.40089e-07,1.39048e-07
1e-08,1.39173e-07,1.38895e-07,2852830.0,-30216800.0,1.39936e-07,1.38895e-07
1.01e-08,1.39024e-07,1.38741e-07,2840180.0,-30310100.0,1.39784e-07,1.38741e-07
1.02e-08,1.38871e-07,1.38593e-07,2825700.0,-30259700.0,1.39633e-07,1.38593e-07
1.03e-08,1.3872e-07,1.38438e-07,2840570.0,-30287700.0,1.39482e-07,1.38438e-07
1.04e-08,1.38572e-07,1.38291e-07,2754400.0,-30468100.0,1.39333e-07,1.38291e-07
1.05e-08,1.38419e-07,1.38143e-07,2764680.0,-30343400.0,1.39183e-07,1.38143e-07
1.06e-08,1.38272e-07,1.37988e-07,2802050.0,-30418300.0,1.39034e-07,1.37988e-07
1.07e-08,1.38124e-07,1.37845e-07,2779140.0,-30395300.0,1.38886e-07,1.37845e-07
1.08e-08,1.37973e-07,1.37696e-07,2719950.0,-30467600.0,1.38737e-07,1.37696e-07
1.09e-08,1.37829e-07,1.37547e-07,2688270.0,-30613300.0,1.3859e-07,1.37547e-07
1.1e-08,1.37681e-07,1.37404e-07,2712680.0,-30502200.0,1.38444e-07,1.37404e-07
1.11e-08,1.37533e-07,1.37254e-07,2728290.0,-30499200.0,1.38287e-07,1.37254e-07
1.12e-08,1.3739e-07,1.3711e-07,2649630.0,-30685200.0,1.38142e-07,1.3711e-07
1.13e-08,1.37242e-07,1.36967e-07,2673290.0,-30550000.0,1.37996e-07,1.36967e-07
1.14e-08,1.37099e-07,1.36816e-07,2664290.0,-30646500.0,1.38e-07,1.36816e-07
1.15e-08,1.36956e-07,1.36677e-07,2652810.0,-30669600.0,1.37785e-07,1.36677e-07
1.16e-08,1.36808e-07,1.36534e-07,2618710.0,-30629800.0,1.37574e-07,1.36534e-07
1.17e-08,1.36668e-07,1.36385e-07,2662860.0,-30666800.0,1.37431e-07,1.36385e-07
1.18e-08,1.36526e-07,1.36248e-07,2616780.0,-30728700.0,1.37289e-07,1.36248e-07
1.19e-08,1.3638e-07,1.36105e-07,2616820.0,-30673400.0,1.37146e-07,1.36105e-07
1.2e-08,1.36242e-07,1.3596e-07,2553180.0,-30878900.0,1.37005e-07,1.3596e-07
1.21e-08,1.361e-07,1.35824e-07,2579160.0,-30791600.0,1.36865e-07,1.35824e-07
1.22e-08,1.35957e-07,1.35681e-07,2541570.0,-30830700.0,1.36723e-07,1.35681e-07
1.23e-08,1.3582e-07,1.3554e-07,2595330.0,-30800400.0,1.36584e-07,1.3554e-07
1.24e-08,1.35679e-07,1.35404e-07,2545810.0,-30846900.0,1.36444e-07,1.35404e-07
1.25e-08,1.35539e-07,1.35261e-07,2555640.0,-30821600.0,1.36304e-07,1.35261e-07
1.26e-08,1.35402e-07,1.35123e-07,2560820.0,-30866300.0,1.36166e-07,1.35123e-07
1.27e-08,1.35262e-07,1.34987e-07,2514680.0,-30900100.0,1.36028e-07,1.34987e-07
1.28e-08,1.35124e-07,1.34846e-07,2469220.0,-31004500.0,1.3589e-07,1.34846e-07
1.29e-08,1.34989e-07,1.3471e-07,2527210.0,-30930200.0,1.35753e-07,1.3471e-07
1.3e-08,1.34849e-07,1.34575e-07,2468060.0,-30980800.0,1.35616e-07,1.34575e-07
1.31e-08,1.34713e-07,1.34434e-07,2492560.0,-30968400.0,1.35479e-07,1.34434e-07
1.32e-08,1.34579e-07,1.34301e-07,2424700.0,-31128200.0,1.35344e-07,1.34301e-07
1.33e-08,1.34441e-07,1.34167e-07,2443550.0,-31027500.0,1.35208e-07,1.34167e-07
1.34e-08,1.34306e-07,1.34027e-07,2432000.0,-31091700.0,1.35073e-07,1.34027e-07
1.35e-08,1.34173e-07,1.33896e-07,2426880.0,-31123500.0,1.34939e-07,1.33896e-07
1.36e-08,1.34036e-07,1.33763e-07,2403100.0,-31102400.0,1.34804e-07,1.33763e-07
1.37e-08,1.33903e-07,1.33624e-07,2430000.0,-31100000.0,1.3467e-07,1.33624e-07
1.38e-08,1.33771e-07,1.33494e-07,2379990.0,-31214500.0,1.34537e-07,1.33494e-07
1.39e-08,1.33635e-07,1.33363e-07,2382890.0,-31147600.0,1.34403e-07,1.33363e-07
1.4e-08,1.33504e-07,1.33225e-07,2371080.0,-31207800.0,1.34271e-07,1.33225e-07
1.41e-08,1.33373e-07,1.33096e-07,2367110.0,-31239800.0,1.34139e-07,1.33096e-07
1.42e-08,1.33239e-07,1.32966e-07,2345290.0,-31223100.0,1.34007e-07,1.32966e-07
1.43e-08,1.33108e-07,1.3283e-07,2314980.0,-31301400.0,1.33875e-07,1.3283e-07
1.44e-08,1.32979e-07,1.32702e-07,2322940.0,-31323500.0,1.33745e-07,1.32702e-07
1.45e-08,1.32845e-07,1.32573e-07,2334050.0,-31257400.0,1.33614e-07,1.32573e-07
1.46e-08,1.32716e-07,1.32438e-07,2286330.0,-31352800.0,1.33484e-07,1.32438e-07
1.47e-08,1.32588e-07,1.3231e-07,2331820.0,-31309100.0,1.33354e-07,1.3231e-07
1.48e-08,1.32456e-07,1.32183e-07,2305260.0,-31321600.0,1.33225e-07,1.32183e-07
1.49e-08,1.32327e-07,1.3205e-07,2261260.0,-31378100.0,1.33095e-07,1.3205e-07
1.5e-08,1.322e-07,1.31923e-07,2252360.0,-31460000.0,1.32967e-07,1.31923e-07
1.51e-08,1.3207e-07,1.31797e-07,2270250.0,-31396200.0,1.32839e-07,1.31797e-07
1.52e-08,1.31941e-07,1.31666e-07,2278770.0,-31335500.0,1.3271e-07,1.31666e-07
1.53e-08,1.31816e-07,1.31538e-07,2287790.0,-31392100.0,1.32583e-07,1.31538e-07
1.54e-08,1.31687e-07,1.31414e-07,2247760.0,-31450300.0,1.32456e-07,1.31414e-07
1.55e-08,1.31558e-07,1.31285e-07,2247160.0,-31383500.0,1.32328e-07,1.31285e-07
1.56e-08,1.31434e-07,1.31156e-07,2260190.0,-31440800.0,1.32202e-07,1.31156e-07
1.57e-08,1.31308e-07,1.31034e-07,2222490.0,-31507500.0,1.32076e-07,1.31034e-07
1.58e-08,1.31178e-07,1.30907e-07,2222510.0,-31433500.0,1.3195e-07,1.30907e-07
1.59e-08,1.31056e-07,1.30777e-07,2170040.0,-31599800.0,1.31825e-07,1.30777e-07
1.6e-08,1.30931e-07,1.30657e-07,2197640.0,-31560400.0,1.317e-07,1.30657e-07
1.61e-08,1.30802e-07,1.30532e-07,2171420.0,-31550200.0,1.31575e-07,1.30532e-07
1.62e-08,1.30681e-07,1.30401e-07,2203270.0,-31529200.0,1.3145e-07,1.30401e-07
1.63e-08,1.30558e-07,1.30283e-07,2172610.0,-31612700.0,1.31327e-07,1.30283e-07
1.64e-08,1.30431e-07,1.3016e-07,2154140.0,-31604400.0,1.31202e-07,1.3016e-07
1.65e-08,1.30309e-07,1.30032e-07,2123280.0,-31651800.0,1.31079e-07,1.30032e-07
1.66e-08,1.30187e-07,1.29911e-07,2147110.0,-31660100.0,1.30956e-07,1.29911e-07
1.67e-08,1.30062e-07,1.29791e-07,2140440.0,-31651500.0,1.30833e-07,1.29791e-07
1.68e-08,1.29939e-07,1.29665e-07,2120870.0,-31630800.0,1.30711e-07,1.29665e-07
1.69e-08,1.29819e-07,1.29542e-07,2122840.0,-31699700.0,1.30589e-07,1.29542e-07
1.7e-08,1.29697e-07,1.29424e-07,2118260.0,-31707600.0,1.30467e-07,1.29424e-07
1.71e-08,1.29572e-07,1.29301e-07,2118440.0,-31644900.0,1.30345e-07,1.29301e-07
1.72e-08,1.29454e-07,1.29176e-07,2068280.0,-31787200.0,1.30224e-07,1.29176e-07
1.73e-08,1.29333e-07,1.2906e-07,2095390.0,-31758400.0,1.30104e-07,1.2906e-07
1.74e-08,1.29209e-07,1.28939e-07,2073930.0,-31752700.0,1.29982e-07,1.28939e-07
1.75e-08,1.29091e-07,1.28813e-07,2050980.0,-31765700.0,1.29863e-07,1.28813e-07
1.76e-08,1.28973e-07,1.28698e-07,2072380.0,-31802200.0,1.29743e-07,1.28698e-07
1.77e-08,1.2885e-07,1.2858e-07,2069730.0,-31787400.0,1.29623e-07,1.2858e-07
1.78e-08,1.28731e-07,1.28457e-07,2068080.0,-31726600.0,1.29503e-07,1.28457e-07
1.79e-08,1.28614e-07,1.28338e-07,2066080.0,-31806200.0,1.29385e-07,1.28338e-07
1.8e-08,1.28494e-07,1.28222e-07,2044890.0,-31849100.0,1.29266e-07,1.28222e-07
1.81e-08,1.28373e-07,1.28103e-07,2016800.0,-31837400.0,1.29147e-07,1.28103e-07
1.82e-08,1.28258e-07,1.2798e-07,1996360.0,-31915900.0,1.2903e-07,1.2798e-07
1.83e-08,1.2814e-07,1.27867e-07,2023390.0,-31895700.0,1.28912e-07,1.27867e-07
1.84e-08,1.28019e-07,1.2775e-07,2015200.0,-31876500.0,1.28794e-07,1.2775e-07
1.85e-08,1.27904e-07,1.27628e-07,1999850.0,-31878100.0,1.28677e-07,1.27628e-07
1.86e-08,1.27788e-07,1.27513e-07,2003660.0,-31911800.0,1.2856e-07,1.27513e-07
1.87e-08,1.2767e-07,1.27399e-07,1997050.0,-31935400.0,1.28443e-07,1.27399e-07
1.88e-08,1.27552e-07,1.2728e-07,1999060.0,-31861200.0,1.28326e-07,1.2728e-07
1.89e-08,1.27438e-07,1.27161e-07,1950360.0,-32008900.0,1.28211e-07,1.27161e-07
1.9e-08,1.27322e-07,1.2705e-07,1976560.0,-31983800.0,1.28095e-07,1.2705e-07
1.91e-08,1.27202e-07,1.26934e-07,1957950.0,-31976100.0,1.27978e-07,1.26934e-07
1.92e-08,1.2709e-07,1.26813e-07,1978890.0,-31922800.0,1.27863e-07,1.26813e-07
1.93e-08,1.26976e-07,1.26702e-07,1955240.0,-32020100.0,1.27749e-07,1.26702e-07
1.94e-08,1.26859e-07,1.26589e-07,1950650.0,-32022100.0,1.27634e-07,1.26589e-07
1.95e-08,1.26744e-07,1.26472e-07,1935030.0,-31985900.0,1.27519e-07,1.26472e-07
1.96e-08,1.26632e-07,1.26355e-07,1932590.0,-32043900.0,1.27405e-07,1.26355e-07
1.97e-08,1.26517e-07,1.26245e-07,1931790.0,-32068300.0,1.27291e-07,1.26245e-07
1.98e-08,1.26399e-07,1.26131e-07,1932140.0,-32039600.0,1.27177e-07,1.26131e-07
1.99e-08,1.26289e-07,1.26012e-07,1934350.0,-31998700.0,1.27064e-07,1.26012e-07
2e-08,1.26177e-07,1.25903e-07,1912710.0,-32088300.0,1.26951e-07,1.25903e-07
2.01e-08,1.26062e-07,1.25792e-07,1907200.0,-32107600.0,1.26838e-07,1.25792e-07
2.02e-08,1.25948e-07,1.25677e-07,1893350.0,-32072100.0,1.26724e-07,1.25677e-07
2.03e-08,1.25838e-07,1.25562e-07,1888710.0,-32120000.0,1.26669e-07,1.25562e-07
2.04e-08,1.25726e-07,1.25454e-07,1888850.0,-32149200.0,1.26501e-07,1.25454e-07
2.05e-08,1.2561e-07,1.25342e-07,1873910.0,-32150400.0,1.26388e-07,1.25342e-07
2.06e-08,1.25501e-07,1.25225e-07,1881140.0,-32133100.0,1.26276e-07,1.25225e-07
2.07e-08,1.25391e-07,1.25116e-07,1868190.0,-32176200.0,1.26165e-07,1.25116e-07
2.08e-08,1.25278e-07,1.25008e-07,1865870.0,-32189800.0,1.26054e-07,1.25008e-07
2.09e-08,1.25165e-07,1.24895e-07,1855160.0,-32159700.0,1.25942e-07,1.24895e-07
2.1e-08,1.25057e-07,1.2478e-07,1845940.0,-32186200.0,1.25832e-07,1.2478e-07
2.11e-08,1.24947e-07,1.24674e-07,1847410.0,-32224700.0,1.25722e-07,1.24674e-07
2.12e-08,1.24833e-07,1.24565e-07,1846340.0,-32217500.0,1.25611e-07,1.24565e-07
2.13e-08,1.24724e-07,1.24451e-07,1808090.0,-32217000.0,1.25501e-07,1.24451e-07
2.14e-08,1.24616e-07,1.24341e-07,1826550.0,-32242000.0,1.25392e-07,1.24341e-07
2.15e-08,1.24506e-07,1.24235e-07,1825860.0,-32267300.0,1.25282e-07,1.24235e-07
2.16e-08,1.24392e-07,1.24125e-07,1818820.0,-32248400.0,1.25172e-07,1.24125e-07
2.17e-08,1.24287e-07,1.2401e-07,1803750.0,-32240300.0,1.25063e-07,1.2401e-07
2.18e-08,1.24179e-07,1.23905e-07,1806720.0,-32291800.0,1.24955e-07,1.23905e-07
2.19e-08,1.24068e-07,1.23799e-07,1804630.0,-32303400.0,1.24846e-07,1.23799e-07
2.2e-08,1.23958e-07,1.23688e-07,1780330.0,-32303300.0,1.24737e-07,1.23688e-07
2.21e-08,1.23853e-07,1.23576e-07,1808430.0,-32254700.0,1.2463e-07,1.23576e-07
2.22e-08,1.23745e-07,1.23473e-07,1786830.0,-32336400.0,1.24522e-07,1.23473e-07
2.23e-08,1.23634e-07,1.23366e-07,1786090.0,-32330600.0,1.24413e-07,1.23366e-07
2.24e-08,1.23527e-07,1.23254e-07,1751160.0,-32336100.0,1.24306e-07,1.23254e-07
2.25e-08,1.23422e-07,1.23147e-07,1766420.0,-32346500.0,1.24199e-07,1.23147e-07
2.26e-08,1.23314e-07,1.23043e-07,1766880.0,-32377100.0,1.24092e-07,1.23043e-07
2.27e-08,1.23203e-07,1.22936e-07,1754640.0,-32376800.0,1.23984e-07,1.22936e-07
2.28e-08,1.231e-07,1.22824e-07,1720050.0,-32406100.0,1.23878e-07,1.22824e-07
2.29e-08,1.22995e-07,1.2272e-07,1747430.0,-32392700.0,1.23772e-07,1.2272e-07
2.3e-08,1.22887e-07,1.22617e-07,1746770.0,-32415900.0,1.23666e-07,1.22617e-07
2.31e-08,1.22778e-07,1.22509e-07,1748510.0,-32386300.0,1.23559e-07,1.22509e-07
2.32e-08,1.22675e-07,1.22398e-07,1704000.0,-32422800.0,1.23454e-07,1.22398e-07
2.33e-08,1.2257e-07,1.22297e-07,1729040.0,-32435000.0,1.23349e-07,1.22297e-07
2.34e-08,1.22463e-07,1.22194e-07,1726590.0,-32454900.0,1.23243e-07,1.22194e-07
2.35e-08,1.22356e-07,1.22086e-07,1729240.0,-32411800.0,1.23137e-07,1.22086e-07
2.36e-08,1.22254e-07,1.21977e-07,1729980.0,-32391500.0,1.23033e-07,1.21977e-07
2.37e-08,1.22149e-07,1.21877e-07,1710460.0,-32474600.0,1.22929e-07,1.21877e-07
2.38e-08,1.22042e-07,1.21774e-07,1706190.0,-32490300.0,1.22823e-07,1.21774e-07
2.39e-08,1.21938e-07,1.21666e-07,1681060.0,-32485900.0,1.22719e-07,1.21666e-07
2.4e-08,1.21836e-07,1.2156e-07,1685200.0,-32482000.0,1.22615e-07,1.2156e-07
2.41e-08,1.21732e-07,1.2146e-07,1692160.0,-32511900.0,1.22511e-07,1.2146e-07
2.42e-08,1.21624e-07,1.21357e-07,1684590.0,-32527700.0,1.22407e-07,1.21357e-07
2.43e-08,1.21522e-07,1.21249e-07,1690910.0,-32463800.0,1.22303e-07,1.21249e-07
2.44e-08,1.21421e-07,1.21145e-07,1672440.0,-32512800.0,1.22201e-07,1.21145e-07
2.45e-08,1.21317e-07,1.21046e-07,1673880.0,-32547800.0,1.22098e-07,1.21046e-07
2.46e-08,1.2121e-07,1.20943e-07,1664650.0,-32557500.0,1.21994e-07,1.20943e-07
2.47e-08,1.21109e-07,1.20835e-07,1636780.0,-32551200.0,1.21891e-07,1.20835e-07
2.48e-08,1.21009e-07,1.20734e-07,1654920.0,-32550100.0,1.21789e-07,1.20734e-07
2.49e-08,1.20905e-07,1.20635e-07,1655690.0,-32583700.0,1.21687e-07,1.20635e-07
2.5e-08,1.20799e-07,1.20532e-07,1650670.0,-32582200.0,1.21584e-07,1.20532e-07
2.51e-08,1.207e-07,1.20425e-07,1637980.0,-32518100.0,1.21482e-07,1.20425e-07
2.52e-08,1.206e-07,1.20325e-07,1637610.0,-32585000.0,1.21381e-07,1.20325e-07
2.53e-08,1.20497e-07,1.20227e-07,1638750.0,-32612600.0,1.21279e-07,1.20227e-07
2.54e-08,1.20391e-07,1.20124e-07,1639070.0,-32604000.0,1.21177e-07,1.20124e-07
2.55e-08,1.20293e-07,1.20018e-07,1634990.0,-32550600.0,1.21076e-07,1.20018e-07
2.56e-08,1.20193e-07,1.1992e-07,1620370.0,-32618400.0,1.20975e-07,1.1992e-07
2.57e-08,1.20091e-07,1.19821e-07,1620650.0,-32650600.0,1.20874e-07,1.19821e-07
2.58e-08,1.19987e-07,1.19719e-07,1614900.0,-32647000.0,1.20773e-07,1.19719e-07
2.59e-08,1.19889e-07,1.19613e-07,1599310.0,-32614100.0,1.20673e-07,1.19613e-07
2.6e-08,1.1979e-07,1.19517e-07,1603240.0,-32650300.0,1.20573e-07,1.19517e-07
2.61e-08,1.19689e-07,1.19419e-07,1604190.0,-32677000.0,1.20472e-07,1.19419e-07
2.62e-08,1.19585e-07,1.19318e-07,1604510.0,-32669100.0,1.20371e-07,1.19318e-07
2.63e-08,1.19489e-07,1.19212e-07,1600930.0,-32616900.0,1.20272e-07,1.19212e-07
2.64e-08,1.1939e-07,1.19116e-07,1586280.0,-32680300.0,1.20173e-07,1.19116e-07
2.65e-08,1.19289e-07,1.19019e-07,1586990.0,-32710700.0,1.20073e-07,1.19019e-07
2.66e-08,1.19186e-07,1.18919e-07,1587570.0,-32702000.0,1.19973e-07,1.18919e-07
2.67e-08,1.1909e-07,1.18814e-07,1583650.0,-32652200.0,1.19875e-07,1.18814e-07
2.68e-08,1.18993e-07,1.18719e-07,1569490.0,-32708200.0,1.19776e-07,1.18719e-07
2.69e-08,1.18892e-07,1.18622e-07,1570700.0,-32738500.0,1.19677e-07,1.18622e-07
2.7e-08,1.1879e-07,1.18523e-07,1570770.0,-32735300.0,1.19578e-07,1.18523e-07
2.71e-08,1.18695e-07,1.18419e-07,1568240.0,-32679500.0,1.1948e-07,1.18419e-07
2.72e-08,1.18598e-07,1.18324e-07,1552850.0,-32734200.0,1.19382e-07,1.18324e-07
2.73e-08,1.18499e-07,1.18228e-07,1553910.0,-32770200.0,1.19284e-07,1.18228e-07
2.74e-08,1.18396e-07,1.1813e-07,1545020.0,-32782600.0,1.19185e-07,1.1813e-07
2.75e-08,1.18302e-07,1.18027e-07,1514000.0,-32829700.0,1.19088e-07,1.18027e-07
2.76e-08,1.18206e-07,1.17931e-07,1536350.0,-32757700.0,1.18991e-07,1.17931e-07
2.77e-08,1.18107e-07,1.17837e-07,1538070.0,-32795900.0,1.18894e-07,1.17837e-07
2.78e-08,1.18006e-07,1.17739e-07,1531150.0,-32811100.0,1.18795e-07,1.17739e-07
2.79e-08,1.17912e-07,1.17638e-07,1506120.0,-32814700.0,1.18699e-07,1.17638e-07
2.8e-08,1.17816e-07,1.17542e-07,1519960.0,-32778600.0,1.18602e-07,1.17542e-07
2.81e-08,1.17719e-07,1.17448e-07,1522150.0,-32821000.0,1.18506e-07,1.17448e-07
2.82e-08,1.17619e-07,1.17351e-07,1521250.0,-32828600.0,1.18408e-07,1.17351e-07
2.83e-08,1.17524e-07,1.17251e-07,1521490.0,-32802200.0,1.18312e-07,1.17251e-07
2.84e-08,1.1743e-07,1.17154e-07,1509110.0,-32787400.0,1.18216e-07,1.17154e-07
2.85e-08,1.17333e-07,1.17062e-07,1506340.0,-32844000.0,1.1812e-07,1.17062e-07
2.86e-08,1.17234e-07,1.16966e-07,1504640.0,-32863600.0,1.18024e-07,1.16966e-07
2.87e-08,1.17139e-07,1.16867e-07,1483560.0,-32875900.0,1.17928e-07,1.16867e-07
2.88e-08,1.17045e-07,1.16769e-07,1468090.0,-32852900.0,1.17833e-07,1.16769e-07
2.89e-08,1.1695e-07,1.16677e-07,1490590.0,-32864200.0,1.17738e-07,1.16677e-07
2.9e-08,1.16852e-07,1.16583e-07,1490340.0,-32886500.0,1.17642e-07,1.16583e-07
2.91e-08,1.16756e-07,1.16486e-07,1482200.0,-32889500.0,1.17546e-07,1.16486e-07
2.92e-08,1.16663e-07,1.16386e-07,1471240.0,-32859800.0,1.17452e-07,1.16386e-07
2.93e-08,1.16569e-07,1.16296e-07,1474860.0,-32881600.0,1.17357e-07,1.16296e-07
2.94e-08,1.16472e-07,1.16203e-07,1475270.0,-32913400.0,1.17262e-07,1.16203e-07
2.95e-08,1.16375e-07,1.16107e-07,1475720.0,-32909700.0,1.17167e-07,1.16107e-07
2.96e-08,1.16283e-07,1.16006e-07,1472460.0,-32869600.0,1.17073e-07,1.16006e-07
2.97e-08,1.1619e-07,1.15916e-07,1459110.0,-32895200.0,1.16979e-07,1.15916e-07
2.98e-08,1.16095e-07,1.15825e-07,1460560.0,-32934100.0,1.16885e-07,1.15825e-07
2.99e-08,1.15997e-07,1.1573e-07,1460450.0,-32938600.0,1.1679e-07,1.1573e-07
3e-08,1.15906e-07,1.15631e-07,1458460.0,-32912600.0,1.16697e-07,1.15631e-07
3.01e-08,1.15814e-07,1.15539e-07,1443760.0,-32904400.0,1.16604e-07,1.15539e-07
3.02e-08,1.1572e-07,1.15448e-07,1445700.0,-32951500.0,1.16511e-07,1.15448e-07
3.03e-08,1.15623e-07,1.15355e-07,1443510.0,-32972600.0,1.16416e-07,1.15355e-07
3.04e-08,1.15531e-07,1.15258e-07,1440320.0,-32969700.0,1.16323e-07,1.15258e-07
3.05e-08,1.1544e-07,1.15164e-07,1445820.0,-32937100.0,1.16231e-07,1.15164e-07
3.06e-08,1.15347e-07,1.15074e-07,1447890.0,-32965200.0,1.16138e-07,1.15074e-07
3.07e-08,1.15251e-07,1.14983e-07,1441870.0,-32992400.0,1.16045e-07,1.14983e-07
3.08e-08,1.15158e-07,1.14888e-07,1422760.0,-33000700.0,1.15952e-07,1.14888e-07
3.09e-08,1.15068e-07,1.1479e-07,1428010.0,-32979300.0,1.1586e-07,1.1479e-07
3.1e-08,1.14976e-07,1.14702e-07,1431070.0,-32976100.0,1.15768e-07,1.14702e-07
3.11e-08,1.14882e-07,1.14612e-07,1427620.0,-33015200.0,1.15675e-07,1.14612e-07
3.12e-08,1.14787e-07,1.14519e-07,1415810.0,-33027900.0,1.15582e-07,1.14519e-07
3.13e-08,1.14698e-07,1.14422e-07,1413690.0,-32939500.0,1.15491e-07,1.14422e-07
3.14e-08,1.14607e-07,1.14332e-07,1394040.0,-32983600.0,1.154e-07,1.14332e-07
3.15e-08,1.14515e-07,1.14243e-07,1395590.0,-33031400.0,1.15308e-07,1.14243e-07
3.16e-08,1.1442e-07,1.14152e-07,1392410.0,-33059000.0,1.15216e-07,1.14152e-07
3.17e-08,1.14329e-07,1.14057e-07,1394150.0,-33037700.0,1.15125e-07,1.14057e-07
3.18e-08,1.1424e-07,1.13964e-07,1395050.0,-32997100.0,1.15034e-07,1.13964e-07
3.19e-08,1.14149e-07,1.13876e-07,1380030.0,-33039700.0,1.14943e-07,1.13876e-07
3.2e-08,1.14056e-07,1.13787e-07,1380260.0,-33073100.0,1.14852e-07,1.13787e-07
3.21e-08,1.13963e-07,1.13694e-07,1367070.0,-33093900.0,1.1476e-07,1.13694e-07
3.22e-08,1.13875e-07,1.13597e-07,1345540.0,-33095500.0,1.1467e-07,1.13597e-07
3.23e-08,1.13785e-07,1.13511e-07,1367880.0,-33036500.0,1.1458e-07,1.13511e-07
3.24e-08,1.13694e-07,1.13423e-07,1370670.0,-33078500.0,1.14489e-07,1.13423e-07
3.25e-08,1.13599e-07,1.13332e-07,1369250.0,-33093100.0,1.14398e-07,1.13332e-07
3.26e-08,1.13512e-07,1.13237e-07,1370260.0,-33074900.0,1.14308e-07,1.13237e-07
3.27e-08,1.13424e-07,1.13148e-07,1375770.0,-33031200.0,1.14219e-07,1.13148e-07
3.28e-08,1.13333e-07,1.13061e-07,1361860.0,-33075900.0,1.14129e-07,1.13061e-07
3.29e-08,1.13241e-07,1.12972e-07,1362040.0,-33107400.0,1.14039e-07,1.12972e-07
3.3e-08,1.13151e-07,1.1288e-07,1356090.0,-33114100.0,1.13949e-07,1.1288e-07
3.31e-08,1.13063e-07,1.12786e-07,1346680.0,-33097800.0,1.1386e-07,1.12786e-07
3.32e-08,1.12975e-07,1.12701e-07,1356760.0,-33059300.0,1.13771e-07,1.12701e-07
3.33e-08,1.12884e-07,1.12613e-07,1364930.0,-33089200.0,1.13682e-07,1.12613e-07
3.34e-08,1.12791e-07,1.12523e-07,1366140.0,-33096200.0,1.13592e-07,1.12523e-07
3.35e-08,1.12705e-07,1.12429e-07,1337200.0,-33132900.0,1.13503e-07,1.12429e-07
3.36e-08,1.12617e-07,1.12362e-07,1337470.0,-33105000.0,1.13415e-07,1.12274e-07
3.37e-08,1.12527e-07,1.12306e-07,1340270.0,-33114500.0,1.13326e-07,1.12088e-07
3.38e-08,1.12436e-07,1.12248e-07,1334330.0,-33155400.0,1.13237e-07,1.12e-07
3.39e-08,1.12349e-07,1.12189e-07,1317420.0,-33181300.0,1.13148e-07,1.12e-07
3.4e-08,1.12262e-07,1.12128e-07,1322410.0,-33145700.0,1.1306e-07,1.12263e-07
3.41e-08,1.12174e-07,1.12064e-07,1325920.0,-33112100.0,1.12972e-07,1.12175e-07
3.42e-08,1.12084e-07,1.11993e-07,1326950.0,-33151600.0,1.12884e-07,1.11993e-07
3.43e-08,1.11992e-07,1.11825e-07,1331500.0,-33161200.0,1.12794e-07,1.11825e-07
3.44e-08,1.11907e-07,1.11653e-07,1325730.0,-33162800.0,1.12707e-07,1.11653e-07
3.45e-08,1.1182e-07,1.11542e-07,1310510.0,-33154700.0,1.1262e-07,1.11542e-07
3.46e-08,1.11731e-07,1.11457e-07,1312960.0,-33145100.0,1.12532e-07,1.11457e-07
3.47e-08,1.11641e-07,1.1137e-07,1311750.0,-33181300.0,1.12444e-07,1.1137e-07
3.48e-08,1.11551e-07,1.11279e-07,1304530.0,-33192400.0,1.12355e-07,1.11279e-07
3.49e-08,1.11466e-07,1.11188e-07,1294310.0,-33190400.0,1.12269e-07,1.11188e-07
3.5e-08,1.11379e-07,1.11104e-07,1297520.0,-33161800.0,1.12182e-07,1.11104e-07
3.51e-08,1.11291e-07,1.11019e-07,1298540.0,-33178700.0,1.12094e-07,1.11019e-07
3.52e-08,1.11199e-07,1.10931e-07,1298850.0,-33201300.0,1.12006e-07,1.10931e-07
3.53e-08,1.11115e-07,1.1084e-07,1296520.0,-33195000.0,1.1192e-07,1.1084e-07
3.54e-08,1.1103e-07,1.10753e-07,1289740.0,-33187400.0,1.11833e-07,1.10753e-07
3.55e-08,1.10943e-07,1.1067e-07,1283700.0,-33171700.0,1.11747e-07,1.1067e-07
3.56e-08,1.10854e-07,1.10584e-07,1283070.0,-33211800.0,1.1166e-07,1.10584e-07
3.57e-08,1.10766e-07,1.10496e-07,1268660.0,-33250100.0,1.11573e-07,1.10496e-07
3.58e-08,1.10683e-07,1.10404e-07,1254090.0,-33204500.0,1.11487e-07,1.10404e-07
3.59e-08,1.10598e-07,1.10322e-07,1268040.0,-33215900.0,1.11402e-07,1.10322e-07
3.6e-08,1.10511e-07,1.10238e-07,1269810.0,-33207100.0,1.11316e-07,1.10238e-07
3.61e-08,1.10421e-07,1.10152e-07,1267560.0,-33243700.0,1.11229e-07,1.10152e-07
3.62e-08,1.10337e-07,1.10063e-07,1257870.0,-33290400.0,1.11143e-07,1.10063e-07
3.63e-08,1.10253e-07,1.09975e-07,1252490.0,-33330700.0,1.11058e-07,1.09975e-07
3.64e-08,1.10168e-07,1.09893e-07,1255650.0,-33334500.0,1.10973e-07,1.09893e-07
3.65e-08,1.10081e-07,1.0981e-07,1256560.0,-33320600.0,1.10888e-07,1.0981e-07
3.66e-08,1.09992e-07,1.09723e-07,1252590.0,-33289200.0,1.10801e-07,1.09723e-07
3.67e-08,1.0991e-07,1.09634e-07,1240740.0,-33321900.0,1.10717e-07,1.09634e-07
3.68e-08,1.09826e-07,1.09549e-07,1241080.0,-33352500.0,1.10632e-07,1.09549e-07
3.69e-08,1.09741e-07,1.09467e-07,1243830.0,-33351600.0,1.10548e-07,1.09467e-07
3.7e-08,1.09654e-07,1.09383e-07,1243590.0,-33334000.0,1.10462e-07,1.09383e-07
3.71e-08,1.09568e-07,1.09297e-07,1244820.0,-33286600.0,1.10377e-07,1.09297e-07
3.72e-08,1.09486e-07,1.09207e-07,1241810.0,-33276800.0,1.10293e-07,1.09207e-07
3.73e-08,1.09402e-07,1.09126e-07,1229850.0,-33285500.0,1.10209e-07,1.09126e-07
3.74e-08,1.09317e-07,1.09044e-07,1232000.0,-33256800.0,1.10125e-07,1.09044e-07
3.75e-08,1.0923e-07,1.0896e-07,1230450.0,-33297000.0,1.1004e-07,1.0896e-07
3.76e-08,1.09146e-07,1.08873e-07,1213500.0,-33330700.0,1.09955e-07,1.08873e-07
3.77e-08,1.09064e-07,1.08785e-07,1199570.0,-33338100.0,1.09872e-07,1.08785e-07
3.78e-08,1.08981e-07,1.08705e-07,1218480.0,-33300300.0,1.09789e-07,1.08705e-07
3.79e-08,1.08896e-07,1.08623e-07,1219950.0,-33285500.0,1.09705e-07,1.08623e-07
3.8e-08,1.08808e-07,1.08539e-07,1217100.0,-33321900.0,1.0962e-07,1.08539e-07
3.81e-08,1.08727e-07,1.08452e-07,1206740.0,-33343400.0,1.09537e-07,1.08452e-07
3.82e-08,1.08645e-07,1.08367e-07,1203740.0,-33338200.0,1.09454e-07,1.08367e-07
3.83e-08,1.08562e-07,1.08287e-07,1207000.0,-33316400.0,1.09371e-07,1.08287e-07
3.84e-08,1.08477e-07,1.08205e-07,1207750.0,-33312000.0,1.09287e-07,1.08205e-07
3.85e-08,1.0839e-07,1.08121e-07,1207510.0,-33339100.0,1.09203e-07,1.08121e-07
3.86e-08,1.0831e-07,1.08034e-07,1204210.0,-33343100.0,1.09121e-07,1.08034e-07
3.87e-08,1.08229e-07,1.07951e-07,1209660.0,-33324500.0,1.09038e-07,1.07951e-07
3.88e-08,1.08146e-07,1.07871e-07,1195530.0,-33333100.0,1.08956e-07,1.07871e-07
3.89e-08,1.08061e-07,1.0779e-07,1195600.0,-33336100.0,1.08873e-07,1.0779e-07
3.9e-08,1.07976e-07,1.07705e-07,1189670.0,-33373400.0,1.08789e-07,1.07705e-07
3.91e-08,1.07896e-07,1.07618e-07,1178220.0,-33380100.0,1.08707e-07,1.07618e-07
3.92e-08,1.07815e-07,1.07538e-07,1181710.0,-33371300.0,1.08625e-07,1.07538e-07
3.93e-08,1.07732e-07,1.07458e-07,1184130.0,-33349900.0,1.08543e-07,1.07458e-07
3.94e-08,1.07647e-07,1.07377e-07,1183580.0,-33358000.0,1.08461e-07,1.07377e-07
3.95e-08,1.07564e-07,1.07292e-07,1177360.0,-33387000.0,1.08378e-07,1.07292e-07
3.96e-08,1.07484e-07,1.07205e-07,1166630.0,-33403300.0,1.08296e-07,1.07205e-07
3.97e-08,1.07404e-07,1.07127e-07,1170670.0,-33388400.0,1.08215e-07,1.07127e-07
3.98e-08,1.07321e-07,1.07047e-07,1172810.0,-33367100.0,1.08133e-07,1.07047e-07
3.99e-08,1.07237e-07,1.06966e-07,1171700.0,-33378500.0,1.08051e-07,1.06966e-07
4e-08,1.07155e-07,1.06882e-07,1156900.0,-33418700.0,1.07969e-07,1.06882e-07
4.01e-08,1.07075e-07,1.06795e-07,1140370.0,-33448100.0,1.07888e-07,1.06795e-07
4.02e-08,1.06995e-07,1.06718e-07,1159690.0,-33405600.0,1.07807e-07,1.06718e-07
4.03e-08,1.06913e-07,1.06639e-07,1161570.0,-33384700.0,1.07726e-07,1.06639e-07
4.04e-08,1.06828e-07,1.06558e-07,1160000.0,-33397400.0,1.07644e-07,1.06558e-07
4.05e-08,1.06748e-07,1.06474e-07,1143860.0,-33438200.0,1.07563e-07,1.06474e-07
4.06e-08,1.06669e-07,1.06389e-07,1129750.0,-33462000.0,1.07482e-07,1.06389e-07
4.07e-08,1.06588e-07,1.06312e-07,1148740.0,-33423400.0,1.07402e-07,1.06312e-07
4.08e-08,1.06507e-07,1.06233e-07,1150420.0,-33403000.0,1.07321e-07,1.06233e-07
4.09e-08,1.06423e-07,1.06152e-07,1148550.0,-33415000.0,1.0724e-07,1.06152e-07
4.1e-08,1.06343e-07,1.06069e-07,1140340.0,-33441700.0,1.07159e-07,1.06069e-07
4.11e-08,1.06264e-07,1.05985e-07,1129800.0,-33505300.0,1.07079e-07,1.05985e-07
4.12e-08,1.06185e-07,1.05908e-07,1137840.0,-33441300.0,1.06999e-07,1.05908e-07
4.13e-08,1.06103e-07,1.0583e-07,1139410.0,-33421700.0,1.06919e-07,1.0583e-07
4.14e-08,1.0602e-07,1.05749e-07,1137360.0,-33431100.0,1.06838e-07,1.05749e-07
4.15e-08,1.0594e-07,1.05666e-07,1128840.0,-33457800.0,1.06757e-07,1.05666e-07
4.16e-08,1.05862e-07,1.05583e-07,1129010.0,-33412900.0,1.06678e-07,1.05583e-07
4.17e-08,1.05783e-07,1.05506e-07,1127000.0,-33459600.0,1.06598e-07,1.05506e-07
4.18e-08,1.05702e-07,1.05428e-07,1128530.0,-33441000.0,1.06519e-07,1.05428e-07
4.19e-08,1.05619e-07,1.05348e-07,1126450.0,-33446000.0,1.06438e-07,1.05348e-07
4.2e-08,1.0554e-07,1.05266e-07,1117750.0,-33475400.0,1.06358e-07,1.05266e-07
4.21e-08,1.05463e-07,1.05183e-07,1113560.0,-33484700.0,1.06279e-07,1.05183e-07
4.22e-08,1.05384e-07,1.05107e-07,1116260.0,-33477600.0,1.062e-07,1.05107e-07
4.23e-08,1.05303e-07,1.0503e-07,1117810.0,-33460400.0,1.06121e-07,1.0503e-07
4.24e-08,1.05221e-07,1.0495e-07,1115790.0,-33459500.0,1.06041e-07,1.0495e-07
4.25e-08,1.05142e-07,1.04868e-07,1107640.0,-33487300.0,1.05961e-07,1.04868e-07
4.26e-08,1.05065e-07,1.04785e-07,1102390.0,-33502800.0,1.05882e-07,1.04785e-07
4.27e-08,1.04987e-07,1.0471e-07,1105580.0,-33495800.0,1.05902e-07,1.0471e-07
4.28e-08,1.04907e-07,1.04633e-07,1107200.0,-33480200.0,1.05778e-07,1.04633e-07
4.29e-08,1.04825e-07,1.04554e-07,1105390.0,-33471500.0,1.05653e-07,1.04554e-07
4.3e-08,1.04746e-07,1.04472e-07,1097580.0,-33502500.0,1.05566e-07,1.04472e-07
4.31e-08,1.0467e-07,1.04389e-07,1091780.0,-33517500.0,1.05488e-07,1.04389e-07
4.32e-08,1.04592e-07,1.04315e-07,1094920.0,-33513900.0,1.0541e-07,1.04315e-07
4.33e-08,1.04513e-07,1.04238e-07,1096690.0,-33500100.0,1.05332e-07,1.04238e-07
4.34e-08,1.04431e-07,1.0416e-07,1095210.0,-33482000.0,1.05253e-07,1.0416e-07
4.35e-08,1.04353e-07,1.04079e-07,1080630.0,-33527200.0,1.05174e-07,1.04079e-07
4.36e-08,1.04277e-07,1.03996e-07,1066640.0,-33558300.0,1.05096e-07,1.03996e-07
4.37e-08,1.04199e-07,1.03922e-07,1083400.0,-33533400.0,1.05019e-07,1.03922e-07
4.38e-08,1.04121e-07,1.03846e-07,1086260.0,-33519800.0,1.04941e-07,1.03846e-07
4.39e-08,1.0404e-07,1.03768e-07,1085220.0,-33498000.0,1.04862e-07,1.03768e-07
4.4e-08,1.03961e-07,1.03688e-07,1072400.0,-33536800.0,1.04784e-07,1.03688e-07
4.41e-08,1.03886e-07,1.03605e-07,1056900.0,-33570700.0,1.04706e-07,1.03605e-07
4.42e-08,1.03809e-07,1.03531e-07,1062890.0,-33568700.0,1.04629e-07,1.03531e-07
4.43e-08,1.03731e-07,1.03456e-07,1075900.0,-33539300.0,1.04552e-07,1.03456e-07
4.44e-08,1.03651e-07,1.03379e-07,1075370.0,-33520400.0,1.04474e-07,1.03379e-07
4.45e-08,1.03572e-07,1.03299e-07,1074970.0,-33528900.0,1.04395e-07,1.03299e-07
4.46e-08,1.03497e-07,1.03217e-07,1072640.0,-33538300.0,1.04319e-07,1.03217e-07
4.47e-08,1.03421e-07,1.03142e-07,1078760.0,-33538000.0,1.04242e-07,1.03142e-07
4.48e-08,1.03343e-07,1.03068e-07,1065530.0,-33558500.0,1.04165e-07,1.03068e-07
4.49e-08,1.03264e-07,1.02991e-07,1065070.0,-33546700.0,1.04088e-07,1.02991e-07
4.5e-08,1.03184e-07,1.02913e-07,1057350.0,-33550200.0,1.0401e-07,1.02913e-07
4.51e-08,1.0311e-07,1.02832e-07,1038110.0,-33590600.0,1.03933e-07,1.02832e-07
4.52e-08,1.03035e-07,1.02755e-07,1037490.0,-33606200.0,1.03857e-07,1.02755e-07
4.53e-08,1.02958e-07,1.02681e-07,1055250.0,-33577000.0,1.0378e-07,1.02681e-07
4.54e-08,1.02879e-07,1.02606e-07,1055840.0,-33564300.0,1.03703e-07,1.02606e-07
4.55e-08,1.02799e-07,1.02528e-07,1050300.0,-33553400.0,1.03626e-07,1.02528e-07
4.56e-08,1.02725e-07,1.02448e-07,1032330.0,-33597600.0,1.03549e-07,1.02448e-07
4.57e-08,1.0265e-07,1.0237e-07,1026980.0,-33624000.0,1.03473e-07,1.0237e-07
4.58e-08,1.02574e-07,1.02297e-07,1044890.0,-33595100.0,1.03397e-07,1.02297e-07
4.59e-08,1.02497e-07,1.02222e-07,1046060.0,-33585300.0,1.03321e-07,1.02222e-07
4.6e-08,1.02417e-07,1.02146e-07,1043710.0,-33565300.0,1.03244e-07,1.02146e-07
4.61e-08,1.02342e-07,1.02066e-07,1035410.0,-33588600.0,1.03168e-07,1.02066e-07
4.62e-08,1.02268e-07,1.01987e-07,1031070.0,-33611700.0,1.03092e-07,1.01987e-07
4.63e-08,1.02193e-07,1.01915e-07,1033930.0,-33616700.0,1.03017e-07,1.01915e-07
4.64e-08,1.02116e-07,1.01841e-07,1036210.0,-33605300.0,1.02941e-07,1.01841e-07
4.65e-08,1.02037e-07,1.01765e-07,1034920.0,-33589200.0,1.02865e-07,1.01765e-07
4.66e-08,1.01961e-07,1.01687e-07,1034710.0,-33583600.0,1.02788e-07,1.01687e-07
4.67e-08,1.01887e-07,1.01606e-07,1034200.0,-33596800.0,1.02713e-07,1.01606e-07
4.68e-08,1.01813e-07,1.01534e-07,1039710.0,-33597300.0,1.02638e-07,1.01534e-07
4.69e-08,1.01737e-07,1.01461e-07,1026250.0,-33623800.0,1.02563e-07,1.01461e-07
4.7e-08,1.01659e-07,1.01386e-07,1026000.0,-33612100.0,1.02487e-07,1.01386e-07
4.71e-08,1.01582e-07,1.01309e-07,1017220.0,-33603200.0,1.02411e-07,1.01309e-07
4.72e-08,1.01509e-07,1.0123e-07,999454.0,-33646100.0,1.02336e-07,1.0123e-07
4.73e-08,1.01435e-07,1.01155e-07,998629.0,-33668900.0,1.02261e-07,1.01155e-07
4.74e-08,1.0136e-07,1.01083e-07,1016200.0,-33641700.0,1.02186e-07,1.01083e-07
4.75e-08,1.01283e-07,1.01009e-07,1016860.0,-33633700.0,1.02111e-07,1.01009e-07
4.76e-08,1.01205e-07,1.00933e-07,1013700.0,-33615500.0,1.02036e-07,1.00933e-07
4.77e-08,1.01132e-07,1.00855e-07,1004300.0,-33631700.0,1.0196e-07,1.00855e-07
4.78e-08,1.01059e-07,1.00778e-07,1002510.0,-33660800.0,1.01886e-07,1.00778e-07
4.79e-08,1.00985e-07,1.00707e-07,1006010.0,-33658000.0,1.01812e-07,1.00707e-07
4.8e-08,1.00909e-07,1.00634e-07,1007480.0,-33653400.0,1.01737e-07,1.00634e-07
4.81e-08,1.00832e-07,1.00559e-07,1005820.0,-33640000.0,1.01662e-07,1.00559e-07
4.82e-08,1.00757e-07,1.00482e-07,1005440.0,-33622500.0,1.01587e-07,1.00482e-07
4.83e-08,1.00685e-07,1.00403e-07,1005910.0,-33638200.0,1.01513e-07,1.00403e-07
4.84e-08,1.00611e-07,1.00332e-07,1010570.0,-33646900.0,1.01439e-07,1.00332e-07
4.85e-08,1.00536e-07,1.0026e-07,997801.0,-33670800.0,1.01365e-07,1.0026e-07
4.86e-08,1.0046e-07,1.00186e-07,997483.0,-33662600.0,1.01291e-07,1.00186e-07
4.87e-08,1.00383e-07,1.00111e-07,992776.0,-33643900.0,1.01216e-07,1.00111e-07
4.88e-08,1.00312e-07,1.00033e-07,982184.0,-33665000.0,1.01142e-07,1.00033e-07
4.89e-08,1.00239e-07,9.99587e-08,980425.0,-33740800.0,1.01068e-07,9.99587e-08
4.9e-08,1.00166e-07,9.98879e-08,987360.0,-33691500.0,1.00995e-07,9.98879e-08
4.91e-08,1.0009e-07,9.98155e-08,988722.0,-33683000.0,1.00921e-07,9.98155e-08
4.92e-08,1.00013e-07,9.97411e-08,985171.0,-33670600.0,1.00847e-07,9.97411e-08
4.93e-08,9.99408e-08,9.96643e-08,969409.0,-33678400.0,1.00772e-07,9.96643e-08
4.94e-08,9.98691e-08,9.95871e-08,961356.0,-33712900.0,1.00699e-07,9.95871e-08
4.95e-08,9.97963e-08,9.95173e-08,973242.0,-33709600.0,1.00626e-07,9.95173e-08
4.96e-08,9.97221e-08,9.9446e-08,979496.0,-33700500.0,1.00553e-07,9.9446e-08
4.97e-08,9.96462e-08,9.93728e-08,978507.0,-33692500.0,1.00479e-07,9.93728e-08
4.98e-08,9.95714e-08,9.92975e-08,967708.0,-33682700.0,1.00405e-07,9.92975e-08
4.99e-08,9.95004e-08,9.92197e-08,953109.0,-33713800.0,1.00332e-07,9.92197e-08
5e-08,9.94285e-08,9.91481e-08,956056.0,-33702500.0,1.00259e-07,9.91481e-08
5.01e-08,9.93554e-08,9.90779e-08,969333.0,-33720400.0,1.00187e-07,9.90779e-08
5.02e-08,9.92807e-08,9.90059e-08,970318.0,-33712900.0,1.00114e-07,9.90059e-08
5.03e-08,9.92042e-08,9.8932e-08,965343.0,-33702900.0,1.0004e-07,9.8932e-08
5.04e-08,9.91333e-08,9.88558e-08,948872.0,-33706700.0,9.99666e-08,9.88558e-08
5.05e-08,9.90623e-08,9.87803e-08,943218.0,-33743600.0,9.98944e-08,9.87803e-08
5.06e-08,9.89901e-08,9.87111e-08,959167.0,-33730700.0,9.98222e-08,9.87111e-08
5.07e-08,9.89166e-08,9.86404e-08,961450.0,-33729800.0,9.97497e-08,9.86404e-08
5.08e-08,9.88414e-08,9.85678e-08,960157.0,-33723300.0,9.96768e-08,9.85678e-08
5.09e-08,9.87677e-08,9.84932e-08,954016.0,-33706900.0,9.9603e-08,9.84932e-08
5.1e-08,9.86975e-08,9.84162e-08,946985.0,-33719000.0,9.9531e-08,9.84162e-08
5.11e-08,9.86263e-08,9.83457e-08,946051.0,-33782000.0,9.94592e-08,9.83457e-08
5.12e-08,9.85538e-08,9.82761e-08,951992.0,-33744500.0,9.93873e-08,9.82761e-08
5.13e-08,9.84799e-08,9.82049e-08,952375.0,-33742000.0,9.9315e-08,9.82049e-08
5.14e-08,9.84042e-08,9.81318e-08,948977.0,-33732400.0,9.92421e-08,9.81318e-08
5.15e-08,9.83341e-08,9.80564e-08,939618.0,-33714400.0,9.91694e-08,9.80564e-08
5.16e-08,9.82638e-08,9.79816e-08,939553.0,-33742800.0,9.90979e-08,9.79816e-08
5.17e-08,9.81924e-08,9.79131e-08,942214.0,-33754200.0,9.90265e-08,9.79131e-08
5.18e-08,9.81197e-08,9.78432e-08,943614.0,-33757800.0,9.89548e-08,9.78432e-08
5.19e-08,9.80454e-08,9.77715e-08,942538.0,-33754300.0,9.88826e-08,9.77715e-08
5.2e-08,9.79722e-08,9.76977e-08,941674.0,-33732600.0,9.88097e-08,9.76977e-08
5.21e-08,9.79027e-08,9.76217e-08,940480.0,-33720600.0,9.87383e-08,9.76217e-08
5.22e-08,9.78323e-08,9.75513e-08,946213.0,-33738400.0,9.86672e-08,9.75513e-08
5.23e-08,9.77608e-08,9.74825e-08,934461.0,-33768400.0,9.85961e-08,9.74825e-08
5.24e-08,9.76878e-08,9.74122e-08,934886.0,-33772300.0,9.85246e-08,9.74122e-08
5.25e-08,9.76131e-08,9.73401e-08,932926.0,-33763300.0,9.84526e-08,9.73401e-08
5.26e-08,9.75429e-08,9.72658e-08,931148.0,-33735800.0,9.83803e-08,9.72658e-08
5.27e-08,9.74735e-08,9.71906e-08,935105.0,-33739600.0,9.83096e-08,9.71906e-08
5.28e-08,9.7403e-08,9.7123e-08,937845.0,-33755600.0,9.82389e-08,9.7123e-08
5.29e-08,9.73313e-08,9.7054e-08,926197.0,-33785800.0,9.81681e-08,9.7054e-08
5.3e-08,9.7258e-08,9.69834e-08,925553.0,-33784200.0,9.80968e-08,9.69834e-08
5.31e-08,9.71845e-08,9.69108e-08,917038.0,-33780800.0,9.80248e-08,9.69108e-08
5.32e-08,9.71159e-08,9.68359e-08,901619.0,-33773500.0,9.79536e-08,9.68359e-08
5.33e-08,9.70464e-08,9.67645e-08,900500.0,-33808700.0,9.78833e-08,9.67645e-08
5.34e-08,9.69759e-08,9.66968e-08,916747.0,-33796200.0,9.78129e-08,9.66968e-08
5.35e-08,9.69039e-08,9.66276e-08,917802.0,-33799900.0,9.77423e-08,9.66276e-08
5.36e-08,9.68304e-08,9.65566e-08,915828.0,-33796700.0,9.76712e-08,9.65566e-08
5.37e-08,9.67595e-08,9.64835e-08,908798.0,-33784500.0,9.75993e-08,9.64835e-08
5.38e-08,9.6691e-08,9.64082e-08,904196.0,-33778300.0,9.75293e-08,9.64082e-08
5.39e-08,9.66215e-08,9.63405e-08,911560.0,-33747000.0,9.74593e-08,9.63405e-08
5.4e-08,9.65509e-08,9.62726e-08,908876.0,-33811100.0,9.73893e-08,9.62726e-08
5.41e-08,9.64788e-08,9.62032e-08,909054.0,-33813700.0,9.73188e-08,9.62032e-08
5.42e-08,9.64051e-08,9.61319e-08,903898.0,-33810900.0,9.72478e-08,9.61319e-08
5.43e-08,9.63367e-08,9.60585e-08,888168.0,-33807900.0,9.71768e-08,9.60585e-08
5.44e-08,9.62682e-08,9.59851e-08,883476.0,-33822100.0,9.71072e-08,9.59851e-08
5.45e-08,9.61988e-08,9.59185e-08,888289.0,-33838000.0,9.70376e-08,9.59185e-08
5.46e-08,9.6128e-08,9.58505e-08,900822.0,-33825200.0,9.69678e-08,9.58505e-08
5.47e-08,9.60558e-08,9.57809e-08,900033.0,-33826700.0,9.68976e-08,9.57809e-08
5.48e-08,9.59835e-08,9.57093e-08,895024.0,-33819300.0,9.68267e-08,9.57093e-08
5.49e-08,9.5916e-08,9.56356e-08,886565.0,-33804000.0,9.67566e-08,9.56356e-08
5.5e-08,9.58476e-08,9.55652e-08,889255.0,-33817300.0,9.66874e-08,9.55652e-08
5.51e-08,9.57781e-08,9.54986e-08,891568.0,-33832900.0,9.66181e-08,9.54986e-08
5.52e-08,9.57074e-08,9.54305e-08,892614.0,-33839000.0,9.65486e-08,9.54305e-08
5.53e-08,9.56351e-08,9.53607e-08,890780.0,-33838400.0,9.64786e-08,9.53607e-08
5.54e-08,9.55648e-08,9.52889e-08,884186.0,-33830500.0,9.64079e-08,9.52889e-08
5.55e-08,9.54974e-08,9.52149e-08,879121.0,-33814200.0,9.63386e-08,9.52149e-08
5.56e-08,9.54291e-08,9.51474e-08,881729.0,-33834600.0,9.62698e-08,9.51474e-08
5.57e-08,9.53597e-08,9.50807e-08,883692.0,-33848500.0,9.62008e-08,9.50807e-08
5.58e-08,9.52889e-08,9.50125e-08,883751.0,-33857200.0,9.61316e-08,9.50125e-08
5.59e-08,9.52165e-08,9.49426e-08,882213.0,-33850300.0,9.60617e-08,9.49426e-08
5.6e-08,9.51482e-08,9.48706e-08,880259.0,-33830000.0,9.59915e-08,9.48706e-08
5.61e-08,9.50809e-08,9.47969e-08,884030.0,-33802900.0,9.59229e-08,9.47969e-08
5.62e-08,9.50127e-08,9.47315e-08,888020.0,-33824700.0,9.58543e-08,9.47315e-08
5.63e-08,9.49433e-08,9.46648e-08,876075.0,-33859600.0,9.57857e-08,9.46648e-08
5.64e-08,9.48726e-08,9.45966e-08,876268.0,-33862200.0,9.57167e-08,9.45966e-08
5.65e-08,9.48e-08,9.45266e-08,869762.0,-33867400.0,9.56471e-08,9.45266e-08
5.66e-08,9.47336e-08,9.44545e-08,853912.0,-33867400.0,9.55775e-08,9.44545e-08
5.67e-08,9.46665e-08,9.4383e-08,851198.0,-33864600.0,9.55093e-08,9.4383e-08
5.68e-08,9.45984e-08,9.43177e-08,853413.0,-33902300.0,9.54411e-08,9.43177e-08
5.69e-08,9.45291e-08,9.4251e-08,868226.0,-33872600.0,9.53727e-08,9.4251e-08
5.7e-08,9.44584e-08,9.41828e-08,867350.0,-33879100.0,9.5304e-08,9.41828e-08
5.71e-08,9.43872e-08,9.41128e-08,862482.0,-33876100.0,9.52346e-08,9.41128e-08
5.72e-08,9.43211e-08,9.40407e-08,854063.0,-33865100.0,9.51656e-08,9.40407e-08
5.73e-08,9.42542e-08,9.3971e-08,856742.0,-33856800.0,9.50978e-08,9.3971e-08
5.74e-08,9.41862e-08,9.39058e-08,859045.0,-33877500.0,9.50299e-08,9.39058e-08
5.75e-08,9.41171e-08,9.38393e-08,860016.0,-33889900.0,9.49619e-08,9.38393e-08
5.76e-08,9.40465e-08,9.37711e-08,858861.0,-33892200.0,9.48934e-08,9.37711e-08
5.77e-08,9.39766e-08,9.37011e-08,853104.0,-33888500.0,9.48242e-08,9.37011e-08
5.78e-08,9.39106e-08,9.3629e-08,846640.0,-33877200.0,9.47942e-08,9.3629e-08
5.79e-08,9.38439e-08,9.35611e-08,849252.0,-33871200.0,9.46895e-08,9.35611e-08
5.8e-08,9.37761e-08,9.3496e-08,851420.0,-33890600.0,9.46209e-08,9.3496e-08
5.81e-08,9.37071e-08,9.34295e-08,852440.0,-33898000.0,9.45531e-08,9.34295e-08
5.82e-08,9.36366e-08,9.33615e-08,850449.0,-33904900.0,9.44849e-08,9.33615e-08
5.83e-08,9.35679e-08,9.32915e-08,838649.0,-33909700.0,9.4416e-08,9.32915e-08
5.84e-08,9.35022e-08,9.32195e-08,828590.0,-33908200.0,9.43482e-08,9.32195e-08
5.85e-08,9.34357e-08,9.3153e-08,828427.0,-33908900.0,9.42811e-08,9.3153e-08
5.86e-08,9.33681e-08,9.30881e-08,843809.0,-33903100.0,9.42139e-08,9.30881e-08
5.87e-08,9.32993e-08,9.30218e-08,844444.0,-33912800.0,9.41464e-08,9.30218e-08
5.88e-08,9.32289e-08,9.29539e-08,842166.0,-33917400.0,9.40784e-08,9.29539e-08
5.89e-08,9.31612e-08,9.28841e-08,834993.0,-33913500.0,9.40098e-08,9.28841e-08
5.9e-08,9.30957e-08,9.28121e-08,831720.0,-33902500.0,9.39426e-08,9.28121e-08
5.91e-08,9.30295e-08,9.27469e-08,834235.0,-33897000.0,9.38758e-08,9.27469e-08
5.92e-08,9.29621e-08,9.26822e-08,836211.0,-33915200.0,9.38089e-08,9.26822e-08
5.93e-08,9.28935e-08,9.26161e-08,836414.0,-33927600.0,9.37417e-08,9.26161e-08
5.94e-08,9.28234e-08,9.25484e-08,833705.0,-33930300.0,9.36741e-08,9.25484e-08
5.95e-08,9.27564e-08,9.24788e-08,820121.0,-33936700.0,9.36057e-08,9.24788e-08
5.96e-08,9.26913e-08,9.2407e-08,812989.0,-33935400.0,9.3539e-08,9.2407e-08
5.97e-08,9.26252e-08,9.23428e-08,813446.0,-33933000.0,9.34725e-08,9.23428e-08
5.98e-08,9.25582e-08,9.22783e-08,828641.0,-33926700.0,9.34059e-08,9.22783e-08
5.99e-08,9.24898e-08,9.22124e-08,828684.0,-33939500.0,9.33391e-08,9.22124e-08
6e-08,9.242e-08,9.21449e-08,825327.0,-33943200.0,9.32717e-08,9.21449e-08
6.01e-08,9.23536e-08,9.20756e-08,811649.0,-33949800.0,9.32037e-08,9.20756e-08
6.02e-08,9.22887e-08,9.20041e-08,805407.0,-33949100.0,9.31373e-08,9.20041e-08
6.03e-08,9.2223e-08,9.19405e-08,806006.0,-33943600.0,9.30712e-08,9.19405e-08
6.04e-08,9.21562e-08,9.18763e-08,821090.0,-33937700.0,9.30049e-08,9.18763e-08
6.05e-08,9.20882e-08,9.18107e-08,821251.0,-33948600.0,9.29384e-08,9.18107e-08
6.06e-08,9.20186e-08,9.17435e-08,818294.0,-33954200.0,9.28714e-08,9.17435e-08
6.07e-08,9.19674e-08,9.16744e-08,810240.0,-33951800.0,9.28036e-08,9.16744e-08
6.08e-08,9.19232e-08,9.16032e-08,809320.0,-33942500.0,9.27376e-08,9.16032e-08
6.09e-08,9.18786e-08,9.15401e-08,811760.0,-33928700.0,9.26718e-08,9.15401e-08
6.1e-08,9.18335e-08,9.14762e-08,813553.0,-33948200.0,9.26059e-08,9.14762e-08
6.11e-08,9.17877e-08,9.14109e-08,813488.0,-33961600.0,9.25397e-08,9.14109e-08
6.12e-08,9.17411e-08,9.13441e-08,811378.0,-33967000.0,9.2473e-08,9.13441e-08
6.13e-08,9.16935e-08,9.12753e-08,809149.0,-33954100.0,9.24056e-08,9.12753e-08
6.14e-08,9.16449e-08,9.12045e-08,813063.0,-33936400.0,9.23399e-08,9.12045e-08
6.15e-08,9.15856e-08,9.11415e-08,817292.0,-33917800.0,9.22743e-08,9.11415e-08
6.16e-08,9.14709e-08,9.1078e-08,806061.0,-33958000.0,9.22088e-08,9.1078e-08
6.17e-08,9.13543e-08,9.10131e-08,806279.0,-33970200.0,9.21429e-08,9.10131e-08
6.18e-08,9.12356e-08,9.09466e-08,803463.0,-33977700.0,9.20765e-08,9.09466e-08
6.19e-08,9.11565e-08,9.08783e-08,795688.0,-33976200.0,9.20095e-08,9.08783e-08
6.2e-08,9.10926e-08,9.08079e-08,794112.0,-33971000.0,9.1944e-08,9.08079e-08
6.21e-08,9.10279e-08,9.07448e-08,796768.0,-33956800.0,9.18788e-08,9.07448e-08
6.22e-08,9.09622e-08,9.06816e-08,798600.0,-33967000.0,9.18135e-08,9.06816e-08
6.23e-08,9.08952e-08,9.06171e-08,798917.0,-33979300.0,9.1748e-08,9.06171e-08
6.24e-08,9.08268e-08,9.05511e-08,796306.0,-33985400.0,9.1682e-08,9.05511e-08
6.25e-08,9.07611e-08,9.04832e-08,783220.0,-33999500.0,9.16154e-08,9.04832e-08
6.26e-08,9.06976e-08,9.04133e-08,776288.0,-34002600.0,9.15499e-08,9.04133e-08
6.27e-08,9.06333e-08,9.03498e-08,776480.0,-33995300.0,9.14851e-08,9.03498e-08
6.28e-08,9.0568e-08,9.02871e-08,791166.0,-33975300.0,9.14201e-08,9.02871e-08
6.29e-08,9.05014e-08,9.0223e-08,791711.0,-33989500.0,9.1355e-08,9.0223e-08
6.3e-08,9.04336e-08,9.01574e-08,789638.0,-33996100.0,9.12894e-08,9.01574e-08
6.31e-08,9.03676e-08,9.00901e-08,787809.0,-33993200.0,9.12231e-08,9.00901e-08
6.32e-08,9.03044e-08,9.00208e-08,789383.0,-33979900.0,9.11578e-08,9.00208e-08
6.33e-08,9.02405e-08,8.99566e-08,794425.0,-33963800.0,9.10932e-08,8.99566e-08
6.34e-08,9.01756e-08,8.98943e-08,784944.0,-33967700.0,9.10286e-08,8.98943e-08
6.35e-08,9.01096e-08,8.98307e-08,784502.0,-33998900.0,9.09638e-08,8.98307e-08
6.36e-08,9.00422e-08,8.97656e-08,782786.0,-34006700.0,9.08986e-08,8.97656e-08
6.37e-08,8.99758e-08,8.96989e-08,780997.0,-34006200.0,9.08327e-08,8.96989e-08
6.38e-08,8.9913e-08,8.96301e-08,781240.0,-33994500.0,9.07674e-08,8.96301e-08
6.39e-08,8.98495e-08,8.95652e-08,786745.0,-33979300.0,9.07032e-08,8.95652e-08
6.4e-08,8.97851e-08,8.95033e-08,780097.0,-33982500.0,9.06389e-08,8.95033e-08
6.41e-08,8.97195e-08,8.94402e-08,777320.0,-34007000.0,9.05744e-08,8.94402e-08
6.42e-08,8.96527e-08,8.93757e-08,775912.0,-34019200.0,9.05096e-08,8.93757e-08
6.43e-08,8.95857e-08,8.93095e-08,766854.0,-34031300.0,9.04442e-08,8.93095e-08
6.44e-08,8.95233e-08,8.92414e-08,755764.0,-34039100.0,9.03788e-08,8.92414e-08
6.45e-08,8.94603e-08,8.91754e-08,754623.0,-34039000.0,9.03149e-08,8.91754e-08
6.46e-08,8.93963e-08,8.9114e-08,755334.0,-34036300.0,9.02509e-08,8.9114e-08
6.47e-08,8.93313e-08,8.90514e-08,770154.0,-34014100.0,9.01868e-08,8.90514e-08
6.48e-08,8.9265e-08,8.89875e-08,769259.0,-34027600.0,9.01224e-08,8.89875e-08
6.49e-08,8.91973e-08,8.89219e-08,767431.0,-34031200.0,9.00574e-08,8.89219e-08
6.5e-08,8.91354e-08,8.88545e-08,764562.0,-34023200.0,8.9992e-08,8.88545e-08
6.51e-08,8.90728e-08,8.87872e-08,770921.0,-34010400.0,8.99284e-08,8.87872e-08
6.52e-08,8.90093e-08,8.87263e-08,774285.0,-33996500.0,8.98647e-08,8.87263e-08
6.53e-08,8.89448e-08,8.86643e-08,762975.0,-34020000.0,8.9801e-08,8.86643e-08
6.54e-08,8.88791e-08,8.8601e-08,762398.0,-34035600.0,8.97369e-08,8.8601e-08
6.55e-08,8.88121e-08,8.85361e-08,760231.0,-34046600.0,8.96724e-08,8.85361e-08
6.56e-08,8.87491e-08,8.84694e-08,757030.0,-34037100.0,8.96072e-08,8.84694e-08
6.57e-08,8.8687e-08,8.84008e-08,762712.0,-34025700.0,8.95436e-08,8.84008e-08
6.58e-08,8.8624e-08,8.83403e-08,766626.0,-34012900.0,8.94803e-08,8.83403e-08
6.59e-08,8.85601e-08,8.82789e-08,755759.0,-34028300.0,8.94168e-08,8.82789e-08
6.6e-08,8.8495e-08,8.82161e-08,755955.0,-34041800.0,8.93532e-08,8.82161e-08
6.61e-08,8.84286e-08,8.81519e-08,753252.0,-34056800.0,8.92891e-08,8.81519e-08
6.62e-08,8.83645e-08,8.8086e-08,746956.0,-34068700.0,8.92244e-08,8.8086e-08
6.63e-08,8.83028e-08,8.80183e-08,745948.0,-34075900.0,8.91605e-08,8.80183e-08
6.64e-08,8.82403e-08,8.79559e-08,746693.0,-34074500.0,8.90975e-08,8.79559e-08
6.65e-08,8.8177e-08,8.7895e-08,764146.0,-33991000.0,8.90344e-08,8.7895e-08
6.66e-08,8.81125e-08,8.78329e-08,759708.0,-34047500.0,8.89711e-08,8.78329e-08
6.67e-08,8.80468e-08,8.77695e-08,753264.0,-34063200.0,8.89075e-08,8.77695e-08
6.68e-08,8.79815e-08,8.77043e-08,748688.0,-34066400.0,8.88433e-08,8.77043e-08
6.69e-08,8.79202e-08,8.76374e-08,755730.0,-34056600.0,8.87792e-08,8.76374e-08
6.7e-08,8.78583e-08,8.7573e-08,761962.0,-34046000.0,8.87164e-08,8.7573e-08
6.71e-08,8.77955e-08,8.75127e-08,764819.0,-34034300.0,8.86536e-08,8.75127e-08
6.72e-08,8.77317e-08,8.74513e-08,751659.0,-34056500.0,8.85907e-08,8.74513e-08
6.73e-08,8.76667e-08,8.73885e-08,746868.0,-34069500.0,8.85275e-08,8.73885e-08
6.74e-08,8.76e-08,8.73242e-08,738399.0,-34075300.0,8.84638e-08,8.73242e-08
6.75e-08,8.75392e-08,8.72582e-08,732898.0,-34073400.0,8.83994e-08,8.72582e-08
6.76e-08,8.74778e-08,8.71916e-08,738585.0,-34064500.0,8.83369e-08,8.71916e-08
6.77e-08,8.74156e-08,8.71319e-08,741625.0,-34054200.0,8.82745e-08,8.71319e-08
6.78e-08,8.73524e-08,8.70712e-08,730446.0,-34071700.0,8.82119e-08,8.70712e-08
6.79e-08,8.72881e-08,8.70091e-08,729873.0,-34077600.0,8.81491e-08,8.70091e-08
6.8e-08,8.72224e-08,8.69456e-08,725435.0,-34095300.0,8.80859e-08,8.69456e-08
6.81e-08,8.71597e-08,8.68805e-08,712902.0,-34108200.0,8.8022e-08,8.68805e-08
6.82e-08,8.70988e-08,8.68135e-08,707961.0,-34118200.0,8.79591e-08,8.68135e-08
6.83e-08,8.70372e-08,8.67525e-08,708283.0,-34116500.0,8.78969e-08,8.67525e-08
6.84e-08,8.69747e-08,8.66924e-08,726691.0,-34026400.0,8.78347e-08,8.66924e-08
6.85e-08,8.69111e-08,8.66312e-08,723129.0,-34085100.0,8.77722e-08,8.66312e-08
6.86e-08,8.68462e-08,8.65685e-08,721117.0,-34096500.0,8.77094e-08,8.65685e-08
6.87e-08,8.67817e-08,8.65043e-08,711116.0,-34113500.0,8.76461e-08,8.65043e-08
6.88e-08,8.67214e-08,8.64383e-08,702569.0,-34123900.0,8.75827e-08,8.64383e-08
6.89e-08,8.66603e-08,8.63746e-08,702860.0,-34125900.0,8.75208e-08,8.63746e-08
6.9e-08,8.65984e-08,8.63152e-08,713140.0,-34103400.0,8.74589e-08,8.63152e-08
6.91e-08,8.65356e-08,8.62547e-08,716332.0,-34094600.0,8.73969e-08,8.62547e-08
6.92e-08,8.64715e-08,8.61929e-08,716885.0,-34094800.0,8.73346e-08,8.61929e-08
6.93e-08,8.64061e-08,8.61296e-08,714523.0,-34106100.0,8.72718e-08,8.61296e-08
6.94e-08,8.63455e-08,8.60647e-08,708155.0,-34109900.0,8.72084e-08,8.60647e-08
6.95e-08,8.6285e-08,8.59981e-08,710893.0,-34110600.0,8.71465e-08,8.59981e-08
6.96e-08,8.62238e-08,8.59394e-08,713975.0,-34103400.0,8.70849e-08,8.59394e-08
6.97e-08,8.61616e-08,8.58797e-08,713474.0,-34133100.0,8.70233e-08,8.58797e-08
6.98e-08,8.60983e-08,8.58187e-08,717915.0,-34095400.0,8.69614e-08,8.58187e-08
6.99e-08,8.60338e-08,8.57563e-08,717128.0,-34101600.0,8.68992e-08,8.57563e-08
7e-08,8.59709e-08,8.56923e-08,709249.0,-34115400.0,8.68364e-08,8.56923e-08
7.01e-08,8.5911e-08,8.56265e-08,707104.0,-34115200.0,8.67739e-08,8.56265e-08
7.02e-08,8.58503e-08,8.55647e-08,709780.0,-34113200.0,8.67127e-08,8.55647e-08
7.03e-08,8.57888e-08,8.55056e-08,712054.0,-34106200.0,8.66514e-08,8.55056e-08
7.04e-08,8.57262e-08,8.54453e-08,709684.0,-34110500.0,8.65899e-08,8.54453e-08
7.05e-08,8.56624e-08,8.53837e-08,705723.0,-34118900.0,8.65282e-08,8.53837e-08
7.06e-08,8.55973e-08,8.53206e-08,699642.0,-34133300.0,8.64659e-08,8.53206e-08
7.07e-08,8.55378e-08,8.52558e-08,690761.0,-34149000.0,8.6403e-08,8.52558e-08
7.08e-08,8.54776e-08,8.51798e-08,703611.0,-34126600.0,8.63418e-08,8.51798e-08
7.09e-08,8.54166e-08,8.50541e-08,705823.0,-34123000.0,8.62807e-08,8.50541e-08
7.1e-08,8.53546e-08,8.4925e-08,704622.0,-34154300.0,8.62195e-08,8.4925e-08
7.11e-08,8.52916e-08,8.47978e-08,709074.0,-34118300.0,8.61581e-08,8.48e-08
7.12e-08,8.52272e-08,8.47603e-08,712781.0,-34107600.0,8.60963e-08,8.48e-08
7.13e-08,8.51472e-08,8.47224e-08,707946.0,-34111100.0,8.60338e-08,8.48e-08
7.14e-08,8.50584e-08,8.46839e-08,702874.0,-34122900.0,8.59718e-08,8.48e-08
7.15e-08,8.49685e-08,8.46448e-08,698581.0,-34137600.0,8.59109e-08,8.49733e-08
7.16e-08,8.48772e-08,8.46049e-08,700374.0,-34131900.0,8.58499e-08,8.48821e-08
7.17e-08,8.47926e-08,8.45641e-08,701564.0,-34132100.0,8.57888e-08,8.48e-08
7.18e-08,8.47482e-08,8.45224e-08,696060.0,-34139300.0,8.57273e-08,8.47316e-08
7.19e-08,8.47034e-08,8.44795e-08,686403.0,-34150100.0,8.56654e-08,8.46142e-08
7.2e-08,8.46581e-08,8.44353e-08,677697.0,-34165000.0,8.56028e-08,8.44946e-08
7.21e-08,8.46122e-08,8.43871e-08,680497.0,-34167400.0,8.55224e-08,8.43871e-08
7.22e-08,8.45655e-08,8.4329e-08,692810.0,-34146100.0,8.5441e-08,8.4329e-08
7.23e-08,8.45179e-08,8.42698e-08,687877.0,-34193500.0,8.53592e-08,8.42698e-08
7.24e-08,8.44694e-08,8.42094e-08,690466.0,-34147700.0,8.52769e-08,8.42094e-08
7.25e-08,8.44198e-08,8.41476e-08,683028.0,-34155500.0,8.48741e-08,8.41476e-08
7.26e-08,8.43645e-08,8.40843e-08,671800.0,-34162200.0,8.5184e-08,8.40843e-08
7.27e-08,8.43053e-08,8.40192e-08,671736.0,-34175500.0,8.52e-08,8.40192e-08
7.28e-08,8.42454e-08,8.39592e-08,672652.0,-34180400.0,8.52e-08,8.39592e-08
7.29e-08,8.41847e-08,8.39008e-08,686164.0,-34153700.0,8.51991e-08,8.39008e-08
7.3e-08,8.41231e-08,8.38414e-08,686596.0,-34153100.0,8.51016e-08,8.38414e-08
7.31e-08,8.40603e-08,8.37808e-08,686957.0,-34154400.0,8.50041e-08,8.37808e-08
7.32e-08,8.39963e-08,8.37187e-08,677998.0,-34162400.0,8.49063e-08,8.37187e-08
7.33e-08,8.39378e-08,8.3655e-08,665574.0,-34175800.0,8.48113e-08,8.3655e-08
7.34e-08,8.38787e-08,8.35909e-08,664633.0,-34187000.0,8.47482e-08,8.35909e-08
7.35e-08,8.38189e-08,8.35335e-08,665757.0,-34189200.0,8.46881e-08,8.35335e-08
7.36e-08,8.37582e-08,8.34751e-08,675999.0,-34165800.0,8.46279e-08,8.34751e-08
7.37e-08,8.36964e-08,8.34156e-08,677138.0,-34167700.0,8.45676e-08,8.34156e-08
7.38e-08,8.36335e-08,8.33547e-08,675197.0,-34169700.0,8.45069e-08,8.33547e-08
7.39e-08,8.35722e-08,8.32924e-08,667444.0,-34173900.0,8.44457e-08,8.32924e-08
7.4e-08,8.35138e-08,8.32283e-08,667131.0,-34173600.0,8.43845e-08,8.32283e-08
7.41e-08,8.34548e-08,8.31679e-08,669118.0,-34177500.0,8.43247e-08,8.31679e-08
7.42e-08,8.3395e-08,8.31105e-08,670742.0,-34176500.0,8.4265e-08,8.31105e-08
7.43e-08,8.33343e-08,8.3052e-08,674637.0,-34159800.0,8.42052e-08,8.3052e-08
7.44e-08,8.32725e-08,8.29923e-08,673903.0,-34175700.0,8.41451e-08,8.29923e-08
7.45e-08,8.32095e-08,8.29313e-08,665695.0,-34184400.0,8.40846e-08,8.29313e-08
7.46e-08,8.31506e-08,8.28687e-08,654210.0,-34189400.0,8.40236e-08,8.28687e-08
7.47e-08,8.30924e-08,8.28044e-08,650261.0,-34205600.0,8.39633e-08,8.28044e-08
7.48e-08,8.30335e-08,8.27473e-08,651169.0,-34210800.0,8.3904e-08,8.27473e-08
7.49e-08,8.29737e-08,8.26899e-08,664221.0,-34186400.0,8.38445e-08,8.26899e-08
7.5e-08,8.29129e-08,8.26313e-08,660957.0,-34192000.0,8.37849e-08,8.26313e-08
7.51e-08,8.28511e-08,8.25715e-08,657296.0,-34198400.0,8.3725e-08,8.25715e-08
7.52e-08,8.27889e-08,8.25103e-08,648229.0,-34207400.0,8.36647e-08,8.25103e-08
7.53e-08,8.27313e-08,8.24475e-08,644585.0,-34210200.0,8.36038e-08,8.24475e-08
7.54e-08,8.26732e-08,8.23853e-08,643958.0,-34219500.0,8.35445e-08,8.23853e-08
7.55e-08,8.26143e-08,8.23288e-08,645242.0,-34228700.0,8.34854e-08,8.23288e-08
7.56e-08,8.25545e-08,8.22713e-08,658130.0,-34212400.0,8.34262e-08,8.22713e-08
7.57e-08,8.24937e-08,8.22126e-08,657494.0,-34217000.0,8.33668e-08,8.22126e-08
7.58e-08,8.24317e-08,8.21527e-08,658842.0,-34214800.0,8.33071e-08,8.21527e-08
7.59e-08,8.23715e-08,8.20912e-08,655519.0,-34211900.0,8.32469e-08,8.20912e-08
7.6e-08,8.2314e-08,8.20282e-08,656263.0,-34209000.0,8.31865e-08,8.20282e-08
7.61e-08,8.22559e-08,8.19686e-08,660711.0,-34193700.0,8.31277e-08,8.19686e-08
7.62e-08,8.2197e-08,8.19121e-08,658756.0,-34202900.0,8.30688e-08,8.19121e-08
7.63e-08,8.21372e-08,8.18545e-08,656375.0,-34161800.0,8.30099e-08,8.18545e-08
7.64e-08,8.20763e-08,8.17957e-08,653918.0,-34225100.0,8.29507e-08,8.17957e-08
7.65e-08,8.20143e-08,8.17357e-08,647942.0,-34231700.0,8.28911e-08,8.17357e-08
7.66e-08,8.19558e-08,8.16741e-08,636020.0,-34241900.0,8.28309e-08,8.16741e-08
7.67e-08,8.18984e-08,8.16108e-08,632041.0,-34249300.0,8.27713e-08,8.16108e-08
7.68e-08,8.18404e-08,8.15537e-08,632738.0,-34246000.0,8.27127e-08,8.15537e-08
7.69e-08,8.17815e-08,8.14971e-08,645629.0,-34220500.0,8.26542e-08,8.14971e-08
7.7e-08,8.17218e-08,8.14395e-08,646002.0,-34221500.0,8.25954e-08,8.14395e-08
7.71e-08,8.16609e-08,8.13807e-08,644251.0,-34227600.0,8.25364e-08,8.13807e-08
7.72e-08,8.15987e-08,8.13205e-08,635446.0,-34238000.0,8.24769e-08,8.13205e-08
7.73e-08,8.1542e-08,8.12588e-08,626763.0,-34249600.0,8.24169e-08,8.12588e-08
7.74e-08,8.14847e-08,8.11961e-08,626077.0,-34251200.0,8.2358e-08,8.11961e-08
7.75e-08,8.14267e-08,8.11405e-08,626646.0,-34256600.0,8.22997e-08,8.11405e-08
7.76e-08,8.1368e-08,8.10839e-08,639714.0,-34229600.0,8.22414e-08,8.10839e-08
7.77e-08,8.13082e-08,8.10263e-08,636172.0,-34236800.0,8.21829e-08,8.10263e-08
7.78e-08,8.12474e-08,8.09675e-08,635194.0,-34241100.0,8.2124e-08,8.09675e-08
7.79e-08,8.11865e-08,8.09073e-08,635298.0,-34236600.0,8.20648e-08,8.09073e-08
7.8e-08,8.113e-08,8.08455e-08,636875.0,-34227200.0,8.20049e-08,8.08455e-08
7.81e-08,8.10728e-08,8.07846e-08,641356.0,-34223900.0,8.19467e-08,8.07846e-08
7.82e-08,8.1015e-08,8.07291e-08,644004.0,-34218700.0,8.18887e-08,8.07291e-08
7.83e-08,8.09563e-08,8.06726e-08,633777.0,-34239400.0,8.18306e-08,8.06726e-08
7.84e-08,8.08966e-08,8.0615e-08,639754.0,-34238500.0,8.17723e-08,8.0615e-08
7.85e-08,8.08358e-08,8.05562e-08,636695.0,-34244100.0,8.17136e-08,8.05562e-08
7.86e-08,8.07762e-08,8.0496e-08,626674.0,-34251400.0,8.16545e-08,8.0496e-08
7.87e-08,8.07198e-08,8.04342e-08,624438.0,-34251500.0,8.1595e-08,8.04342e-08
7.88e-08,8.06628e-08,8.03749e-08,625121.0,-34255200.0,8.15373e-08,8.03749e-08
7.89e-08,8.06051e-08,8.03195e-08,626910.0,-34250800.0,8.14795e-08,8.03195e-08
7.9e-08,8.05465e-08,8.02631e-08,628274.0,-34248800.0,8.14217e-08,8.02631e-08
7.91e-08,8.0487e-08,8.02056e-08,626248.0,-34257200.0,8.13636e-08,8.02056e-08
7.92e-08,8.04262e-08,8.01468e-08,625316.0,-34260300.0,8.13052e-08,8.01468e-08
7.93e-08,8.03677e-08,8.00866e-08,618911.0,-34263800.0,8.12462e-08,8.00866e-08
7.94e-08,8.03115e-08,8.00249e-08,617704.0,-34271400.0,8.11872e-08,8.00249e-08
7.95e-08,8.02547e-08,7.9967e-08,619506.0,-34266400.0,8.11297e-08,7.9967e-08
7.96e-08,8.01971e-08,7.99117e-08,621403.0,-34261900.0,8.10722e-08,7.99117e-08
7.97e-08,8.01387e-08,7.98554e-08,620739.0,-34261500.0,8.10146e-08,7.98554e-08
7.98e-08,8.00792e-08,7.9798e-08,613399.0,-34275800.0,8.09567e-08,7.9798e-08
7.99e-08,8.00186e-08,7.97393e-08,612267.0,-34277800.0,8.08985e-08,7.97393e-08
8e-08,7.9961e-08,7.96792e-08,612401.0,-34272600.0,8.08398e-08,7.96792e-08
8.01e-08,7.9905e-08,7.96175e-08,620674.0,-34266900.0,8.07812e-08,7.96175e-08
8.02e-08,7.98483e-08,7.95607e-08,624727.0,-34257200.0,8.0724e-08,7.95607e-08
8.03e-08,7.97909e-08,7.95056e-08,624649.0,-34255500.0,8.06667e-08,7.95056e-08
8.04e-08,7.97326e-08,7.94494e-08,621561.0,-34220800.0,8.06093e-08,7.94494e-08
8.05e-08,7.96733e-08,7.93922e-08,621472.0,-34271600.0,8.05517e-08,7.93922e-08
8.06e-08,7.96128e-08,7.93336e-08,615047.0,-34281300.0,8.04937e-08,7.93336e-08
8.07e-08,7.9556e-08,7.92736e-08,601383.0,-34297100.0,8.04352e-08,7.92736e-08
8.08e-08,7.95001e-08,7.9212e-08,596846.0,-34311500.0,8.0377e-08,7.9212e-08
8.09e-08,7.94437e-08,7.91562e-08,597535.0,-34309600.0,8.032e-08,7.91562e-08
8.1e-08,7.93864e-08,7.91012e-08,603067.0,-34298500.0,8.0263e-08,7.91012e-08
8.11e-08,7.93283e-08,7.90452e-08,605085.0,-34328500.0,8.02058e-08,7.90452e-08
8.12e-08,7.92692e-08,7.89881e-08,604960.0,-34293900.0,8.01484e-08,7.89881e-08
8.13e-08,7.92089e-08,7.89297e-08,599995.0,-34300900.0,8.00907e-08,7.89297e-08
8.14e-08,7.91526e-08,7.88699e-08,595699.0,-34305000.0,8.00324e-08,7.88699e-08
8.15e-08,7.9097e-08,7.88084e-08,600545.0,-34306100.0,7.99745e-08,7.88084e-08
8.16e-08,7.90407e-08,7.87533e-08,602762.0,-34300600.0,7.99178e-08,7.87533e-08
8.17e-08,7.89837e-08,7.86985e-08,604298.0,-34296800.0,7.9861e-08,7.86985e-08
8.18e-08,7.89258e-08,7.86427e-08,601727.0,-34334600.0,7.98041e-08,7.86427e-08
8.19e-08,7.88669e-08,7.85857e-08,603238.0,-34299900.0,7.97469e-08,7.85857e-08
8.2e-08,7.88068e-08,7.85275e-08,595893.0,-34311000.0,7.96894e-08,7.85275e-08
8.21e-08,7.8751e-08,7.84679e-08,587219.0,-34320900.0,7.96313e-08,7.84679e-08
8.22e-08,7.86956e-08,7.84067e-08,586359.0,-34325500.0,7.95737e-08,7.84067e-08
8.23e-08,7.86395e-08,7.8352e-08,586473.0,-34332800.0,7.95172e-08,7.8352e-08
8.24e-08,7.85827e-08,7.82974e-08,592786.0,-34320500.0,7.94607e-08,7.82974e-08
8.25e-08,7.8525e-08,7.82418e-08,602311.0,-34264200.0,7.9404e-08,7.82418e-08
8.26e-08,7.84663e-08,7.81851e-08,597574.0,-34310700.0,7.93471e-08,7.81851e-08
8.27e-08,7.84065e-08,7.81272e-08,592336.0,-34316000.0,7.92898e-08,7.81272e-08
8.28e-08,7.83509e-08,7.80678e-08,593661.0,-34313400.0,7.9232e-08,7.80678e-08
8.29e-08,7.82958e-08,7.80068e-08,598448.0,-34312300.0,7.91746e-08,7.80068e-08
8.3e-08,7.82399e-08,7.79524e-08,602228.0,-34303700.0,7.91183e-08,7.79524e-08
8.31e-08,7.81834e-08,7.7898e-08,600508.0,-34306400.0,7.9062e-08,7.7898e-08
8.32e-08,7.8126e-08,7.78426e-08,592821.0,-34360900.0,7.90056e-08,7.78426e-08
8.33e-08,7.80675e-08,7.77862e-08,596538.0,-34318000.0,7.89489e-08,7.77862e-08
8.34e-08,7.8008e-08,7.77285e-08,588716.0,-34325700.0,7.88919e-08,7.77285e-08
8.35e-08,7.79525e-08,7.76694e-08,585713.0,-34326200.0,7.88343e-08,7.76694e-08
8.36e-08,7.78976e-08,7.76087e-08,584252.0,-34333000.0,7.87771e-08,7.76087e-08
8.37e-08,7.7842e-08,7.75542e-08,586041.0,-34335800.0,7.87211e-08,7.75542e-08
8.38e-08,7.77857e-08,7.75001e-08,587862.0,-34333100.0,7.8665e-08,7.75001e-08
8.39e-08,7.77286e-08,7.74451e-08,595031.0,-34273900.0,7.86088e-08,7.74451e-08
8.4e-08,7.76704e-08,7.73889e-08,591252.0,-34330100.0,7.85524e-08,7.73889e-08
8.41e-08,7.76112e-08,7.73315e-08,590513.0,-34330200.0,7.84956e-08,7.73315e-08
8.42e-08,7.75557e-08,7.72727e-08,580303.0,-34343200.0,7.84383e-08,7.72727e-08
8.43e-08,7.7501e-08,7.72124e-08,578871.0,-34346300.0,7.83812e-08,7.72124e-08
8.44e-08,7.74457e-08,7.71577e-08,580440.0,-34347400.0,7.83254e-08,7.71577e-08
8.45e-08,7.73897e-08,7.71038e-08,581703.0,-34345900.0,7.82696e-08,7.71038e-08
8.46e-08,7.73328e-08,7.70491e-08,579732.0,-34343900.0,7.82137e-08,7.70491e-08
8.47e-08,7.7275e-08,7.69932e-08,576803.0,-34352200.0,7.81575e-08,7.69932e-08
8.48e-08,7.72161e-08,7.69362e-08,570395.0,-34360300.0,7.8101e-08,7.69362e-08
8.49e-08,7.71603e-08,7.68777e-08,562000.0,-34368300.0,7.8044e-08,7.68777e-08
8.5e-08,7.71059e-08,7.68178e-08,564525.0,-34373200.0,7.7987e-08,7.68178e-08
8.51e-08,7.70509e-08,7.67626e-08,564611.0,-34378600.0,7.79314e-08,7.67626e-08
8.52e-08,7.69952e-08,7.67091e-08,565644.0,-34379200.0,7.78758e-08,7.67091e-08
8.53e-08,7.69387e-08,7.66546e-08,577269.0,-34353800.0,7.78201e-08,7.66546e-08
8.54e-08,7.68812e-08,7.65991e-08,576238.0,-34359400.0,7.77642e-08,7.65991e-08
8.55e-08,7.68227e-08,7.65424e-08,573829.0,-34361400.0,7.7708e-08,7.65424e-08
8.56e-08,7.67666e-08,7.64844e-08,568760.0,-34360300.0,7.76513e-08,7.64844e-08
8.57e-08,7.67124e-08,7.64249e-08,575467.0,-34353900.0,7.75942e-08,7.64249e-08
8.58e-08,7.66577e-08,7.6369e-08,579340.0,-34351200.0,7.75389e-08,7.6369e-08
8.59e-08,7.66024e-08,7.63158e-08,581742.0,-34348500.0,7.74836e-08,7.63158e-08
8.6e-08,7.65462e-08,7.62617e-08,574665.0,-34363500.0,7.74281e-08,7.62617e-08
8.61e-08,7.6489e-08,7.62066e-08,575798.0,-34364900.0,7.73725e-08,7.62066e-08
8.62e-08,7.64309e-08,7.61503e-08,572919.0,-34369900.0,7.73165e-08,7.61503e-08
8.63e-08,7.63743e-08,7.60927e-08,564718.0,-34374600.0,7.72601e-08,7.60927e-08
8.64e-08,7.63204e-08,7.60337e-08,563914.0,-34379100.0,7.72032e-08,7.60337e-08
8.65e-08,7.62661e-08,7.59769e-08,563748.0,-34382200.0,7.7148e-08,7.59769e-08
8.66e-08,7.6211e-08,7.59241e-08,565463.0,-34381600.0,7.70929e-08,7.59241e-08
8.67e-08,7.61552e-08,7.58703e-08,566514.0,-34379300.0,7.70377e-08,7.58703e-08
8.68e-08,7.60985e-08,7.58156e-08,566736.0,-34372700.0,7.69823e-08,7.58156e-08
8.69e-08,7.60407e-08,7.57597e-08,562867.0,-34387800.0,7.69266e-08,7.57597e-08
8.7e-08,7.59835e-08,7.57026e-08,549699.0,-34401400.0,7.68705e-08,7.57026e-08
8.71e-08,7.59299e-08,7.5644e-08,549250.0,-34407000.0,7.68139e-08,7.5644e-08
8.72e-08,7.58759e-08,7.55862e-08,548867.0,-34412600.0,7.67585e-08,7.55862e-08
8.73e-08,7.58212e-08,7.55337e-08,549442.0,-34416300.0,7.67037e-08,7.55337e-08
8.74e-08,7.57657e-08,7.54804e-08,558584.0,-34398000.0,7.66487e-08,7.54804e-08
8.75e-08,7.57094e-08,7.54261e-08,556668.0,-34396400.0,7.65936e-08,7.54261e-08
8.76e-08,7.56521e-08,7.53707e-08,553434.0,-34404200.0,7.65382e-08,7.53707e-08
8.77e-08,7.55941e-08,7.5314e-08,547940.0,-34409100.0,7.64825e-08,7.5314e-08
8.78e-08,7.55409e-08,7.5256e-08,547421.0,-34410300.0,7.64262e-08,7.5256e-08
8.79e-08,7.54871e-08,7.5197e-08,552156.0,-34410600.0,7.63706e-08,7.5197e-08
8.8e-08,7.54328e-08,7.51448e-08,554010.0,-34413300.0,7.6316e-08,7.51448e-08
8.81e-08,7.53777e-08,7.50919e-08,555704.0,-34407600.0,7.62613e-08,7.50919e-08
8.82e-08,7.53218e-08,7.5038e-08,555949.0,-34404900.0,7.62064e-08,7.5038e-08
8.83e-08,7.5265e-08,7.4983e-08,554286.0,-34409300.0,7.61513e-08,7.4983e-08
8.84e-08,7.52071e-08,7.49269e-08,551603.0,-34412400.0,7.60959e-08,7.49269e-08
8.85e-08,7.51532e-08,7.48694e-08,552108.0,-34409600.0,7.604e-08,7.48694e-08
8.86e-08,7.50998e-08,7.48105e-08,555277.0,-34404700.0,7.59842e-08,7.48105e-08
8.87e-08,7.50459e-08,7.47573e-08,559047.0,-34397500.0,7.59297e-08,7.47573e-08
8.88e-08,7.49912e-08,7.47048e-08,559742.0,-34401800.0,7.58753e-08,7.47048e-08
8.89e-08,7.49358e-08,7.46513e-08,547024.0,-34423300.0,7.58207e-08,7.46513e-08
8.9e-08,7.48794e-08,7.45969e-08,544500.0,-34425100.0,7.57659e-08,7.45969e-08
8.91e-08,7.4822e-08,7.45413e-08,541753.0,-34429200.0,7.57108e-08,7.45413e-08
8.92e-08,7.4767e-08,7.44844e-08,542291.0,-34424600.0,7.56553e-08,7.44844e-08
8.93e-08,7.4714e-08,7.44261e-08,546872.0,-34421800.0,7.55992e-08,7.44261e-08
8.94e-08,7.46604e-08,7.43711e-08,552357.0,-34420600.0,7.5545e-08,7.43711e-08
8.95e-08,7.46062e-08,7.4319e-08,555098.0,-34414800.0,7.54908e-08,7.4319e-08
8.96e-08,7.45511e-08,7.42661e-08,542259.0,-34437400.0,7.54365e-08,7.42661e-08
8.97e-08,7.44953e-08,7.42121e-08,540042.0,-34438000.0,7.5382e-08,7.42121e-08
8.98e-08,7.44384e-08,7.41571e-08,536434.0,-34442300.0,7.53272e-08,7.41571e-08
8.99e-08,7.43822e-08,7.41008e-08,533814.0,-34443700.0,7.5272e-08,7.41008e-08
9e-08,7.43295e-08,7.40431e-08,533328.0,-34448300.0,7.52163e-08,7.40431e-08
9.01e-08,7.42763e-08,7.39863e-08,537442.0,-34447400.0,7.51617e-08,7.39863e-08
9.02e-08,7.42225e-08,7.39346e-08,538854.0,-34448700.0,7.51077e-08,7.39346e-08
9.03e-08,7.41679e-08,7.38821e-08,537486.0,-34451000.0,7.50536e-08,7.38821e-08
9.04e-08,7.41125e-08,7.38287e-08,535558.0,-34451100.0,7.49994e-08,7.38287e-08
9.05e-08,7.40562e-08,7.37742e-08,532552.0,-34453300.0,7.49449e-08,7.37742e-08
9.06e-08,7.39987e-08,7.37186e-08,524446.0,-34463200.0,7.48901e-08,7.37186e-08
9.07e-08,7.39464e-08,7.36616e-08,520185.0,-34472100.0,7.48348e-08,7.36616e-08
9.08e-08,7.38935e-08,7.36032e-08,523388.0,-34476100.0,7.47798e-08,7.36032e-08
9.09e-08,7.38402e-08,7.35515e-08,523415.0,-34484700.0,7.4726e-08,7.35515e-08
9.1e-08,7.37861e-08,7.34995e-08,524526.0,-34482500.0,7.46722e-08,7.34995e-08
9.11e-08,7.37312e-08,7.34466e-08,535387.0,-34459900.0,7.46183e-08,7.34466e-08
9.12e-08,7.36754e-08,7.33927e-08,533925.0,-34461800.0,7.45641e-08,7.33927e-08
9.13e-08,7.36186e-08,7.33377e-08,528143.0,-34465100.0,7.45097e-08,7.33377e-08
9.14e-08,7.35646e-08,7.32814e-08,516548.0,-34479500.0,7.44548e-08,7.32814e-08
9.15e-08,7.35121e-08,7.32238e-08,518470.0,-34485700.0,7.43994e-08,7.32238e-08
9.16e-08,7.34592e-08,7.31697e-08,518392.0,-34494300.0,7.43458e-08,7.31697e-08
9.17e-08,7.34056e-08,7.31182e-08,520526.0,-34498900.0,7.42922e-08,7.31182e-08
9.18e-08,7.33512e-08,7.30658e-08,534226.0,-34469800.0,7.42386e-08,7.30658e-08
9.19e-08,7.3296e-08,7.30125e-08,533340.0,-34491600.0,7.41847e-08,7.30125e-08
9.2e-08,7.32398e-08,7.29582e-08,532583.0,-34468300.0,7.41306e-08,7.29582e-08
9.21e-08,7.31841e-08,7.29026e-08,525315.0,-34471900.0,7.40761e-08,7.29026e-08
9.22e-08,7.3132e-08,7.28457e-08,523802.0,-34478700.0,7.40211e-08,7.28457e-08
9.23e-08,7.30795e-08,7.27891e-08,522408.0,-34484200.0,7.3967e-08,7.27891e-08
9.24e-08,7.30264e-08,7.27381e-08,524137.0,-34482200.0,7.39136e-08,7.27381e-08
9.25e-08,7.29725e-08,7.26863e-08,525127.0,-34487600.0,7.38602e-08,7.26863e-08
9.26e-08,7.29179e-08,7.26336e-08,525251.0,-34486100.0,7.38067e-08,7.26336e-08
9.27e-08,7.28623e-08,7.25799e-08,523362.0,-34487700.0,7.37529e-08,7.25799e-08
9.28e-08,7.28057e-08,7.2525e-08,518187.0,-34488900.0,7.36988e-08,7.2525e-08
9.29e-08,7.27532e-08,7.24688e-08,514706.0,-34493100.0,7.36442e-08,7.24688e-08
9.3e-08,7.27011e-08,7.24113e-08,516507.0,-34497300.0,7.35895e-08,7.24113e-08
9.31e-08,7.26484e-08,7.23592e-08,517839.0,-34503100.0,7.35364e-08,7.23592e-08
9.32e-08,7.25951e-08,7.2308e-08,519500.0,-34506400.0,7.34832e-08,7.2308e-08
9.33e-08,7.2541e-08,7.22558e-08,520241.0,-34500400.0,7.34299e-08,7.22558e-08
9.34e-08,7.24861e-08,7.22028e-08,520017.0,-34496500.0,7.33765e-08,7.22028e-08
9.35e-08,7.24301e-08,7.21486e-08,515876.0,-34502100.0,7.33227e-08,7.21486e-08
9.36e-08,7.23757e-08,7.20933e-08,505139.0,-34507000.0,7.32686e-08,7.20933e-08
9.37e-08,7.2324e-08,7.20365e-08,509373.0,-34509200.0,7.32139e-08,7.20365e-08
9.38e-08,7.22718e-08,7.19815e-08,512441.0,-34509200.0,7.31605e-08,7.19815e-08
9.39e-08,7.22189e-08,7.19308e-08,512949.0,-34509300.0,7.31076e-08,7.19308e-08
9.4e-08,7.21654e-08,7.18793e-08,511580.0,-34517500.0,7.31785e-08,7.18793e-08
9.41e-08,7.21111e-08,7.18269e-08,509846.0,-34518400.0,7.30947e-08,7.18269e-08
9.42e-08,7.20558e-08,7.17734e-08,512946.0,-34514600.0,7.30107e-08,7.17734e-08
9.43e-08,7.19994e-08,7.17188e-08,510158.0,-34511300.0,7.29265e-08,7.17188e-08
9.44e-08,7.19481e-08,7.1663e-08,503549.0,-34515200.0,7.28419e-08,7.1663e-08
9.45e-08,7.18963e-08,7.16057e-08,514456.0,-34507100.0,7.2786e-08,7.16057e-08
9.46e-08,7.1844e-08,7.15548e-08,518205.0,-34502100.0,7.27332e-08,7.15548e-08
9.47e-08,7.1791e-08,7.15038e-08,522939.0,-34499800.0,7.26805e-08,7.15038e-08
9.48e-08,7.17373e-08,7.14521e-08,515262.0,-34520900.0,7.26276e-08,7.14521e-08
9.49e-08,7.16827e-08,7.13993e-08,509724.0,-34522400.0,7.25746e-08,7.13993e-08
9.5e-08,7.16271e-08,7.13455e-08,507014.0,-34526000.0,7.25212e-08,7.13455e-08
9.51e-08,7.15733e-08,7.12905e-08,508634.0,-34516600.0,7.24675e-08,7.12905e-08
9.52e-08,7.1522e-08,7.12342e-08,511136.0,-34515100.0,7.24133e-08,7.12342e-08
9.53e-08,7.14702e-08,7.11798e-08,511438.0,-34518900.0,7.23602e-08,7.11798e-08
9.54e-08,7.14178e-08,7.11295e-08,514101.0,-34518400.0,7.23077e-08,7.11295e-08
9.55e-08,7.13647e-08,7.10784e-08,508031.0,-34533600.0,7.22552e-08,7.10784e-08
9.56e-08,7.13107e-08,7.10263e-08,505326.0,-34538300.0,7.22024e-08,7.10263e-08
9.57e-08,7.12559e-08,7.09733e-08,503052.0,-34540800.0,7.21494e-08,7.09733e-08
9.58e-08,7.11998e-08,7.09191e-08,500275.0,-34538000.0,7.20961e-08,7.09191e-08
9.59e-08,7.11489e-08,7.08637e-08,503691.0,-34530600.0,7.20424e-08,7.08637e-08
9.6e-08,7.10976e-08,7.0807e-08,505731.0,-34529900.0,7.19886e-08,7.0807e-08
9.61e-08,7.10457e-08,7.07562e-08,507995.0,-34530600.0,7.19363e-08,7.07562e-08
9.62e-08,7.09932e-08,7.07057e-08,512994.0,-34527500.0,7.18839e-08,7.07057e-08
9.63e-08,7.09399e-08,7.06544e-08,505611.0,-34546200.0,7.18315e-08,7.06544e-08
9.64e-08,7.08857e-08,7.06021e-08,499735.0,-34552300.0,7.17789e-08,7.06021e-08
9.65e-08,7.08307e-08,7.05488e-08,494857.0,-34557000.0,7.1726e-08,7.05488e-08
9.66e-08,7.0777e-08,7.04943e-08,485524.0,-34563800.0,7.16727e-08,7.04943e-08
9.67e-08,7.07261e-08,7.04385e-08,481046.0,-34573800.0,7.16189e-08,7.04385e-08
9.68e-08,7.06747e-08,7.0384e-08,484520.0,-34576300.0,7.15661e-08,7.0384e-08
9.69e-08,7.06227e-08,7.03341e-08,484784.0,-34585500.0,7.1514e-08,7.03341e-08
9.7e-08,7.05701e-08,7.02834e-08,488149.0,-34579400.0,7.14618e-08,7.02834e-08
9.71e-08,7.05167e-08,7.02319e-08,495719.0,-34563900.0,7.14095e-08,7.02319e-08
9.72e-08,7.04624e-08,7.01794e-08,493745.0,-34566100.0,7.1357e-08,7.01794e-08
9.73e-08,7.04071e-08,7.01258e-08,491084.0,-34564300.0,7.13042e-08,7.01258e-08
9.74e-08,7.03557e-08,7.0071e-08,487214.0,-34564400.0,7.12509e-08,7.0071e-08
9.75e-08,7.03048e-08,7.00148e-08,493247.0,-34557900.0,7.11972e-08,7.00148e-08
9.76e-08,7.02534e-08,6.99635e-08,498399.0,-34552300.0,7.11453e-08,6.99635e-08
9.77e-08,7.02014e-08,6.99135e-08,503197.0,-34546900.0,7.10934e-08,6.99135e-08
9.78e-08,7.01486e-08,6.98627e-08,495908.0,-34571100.0,7.10414e-08,6.98627e-08
9.79e-08,7.00951e-08,6.98109e-08,487038.0,-34623200.0,7.09892e-08,6.98109e-08
9.8e-08,7.00406e-08,6.97582e-08,487321.0,-34579800.0,7.09368e-08,6.97582e-08
9.81e-08,6.99864e-08,6.97043e-08,480639.0,-34582300.0,7.0884e-08,6.97043e-08
9.82e-08,6.9936e-08,6.96492e-08,485453.0,-34578800.0,7.08308e-08,6.96492e-08
9.83e-08,6.98851e-08,6.95938e-08,483992.0,-34582600.0,7.07779e-08,6.95938e-08
9.84e-08,6.98337e-08,6.95444e-08,484713.0,-34585300.0,7.07262e-08,6.95444e-08
9.85e-08,6.97816e-08,6.94943e-08,485990.0,-34587700.0,7.06745e-08,6.94943e-08
9.86e-08,6.97288e-08,6.94434e-08,486307.0,-34588600.0,7.06226e-08,6.94434e-08
9.87e-08,6.96751e-08,6.93915e-08,484823.0,-34590400.0,7.05706e-08,6.93915e-08
9.88e-08,6.96204e-08,6.93386e-08,478721.0,-34596700.0,7.05182e-08,6.93386e-08
9.89e-08,6.95682e-08,6.92845e-08,471099.0,-34603800.0,7.04655e-08,6.92845e-08
9.9e-08,6.95179e-08,6.92291e-08,468300.0,-34612000.0,7.04122e-08,6.92291e-08
9.91e-08,6.9467e-08,6.91763e-08,469507.0,-34614300.0,7.03603e-08,6.91763e-08
9.92e-08,6.94155e-08,6.91269e-08,468251.0,-34623700.0,7.03088e-08,6.91269e-08
9.93e-08,6.93634e-08,6.90767e-08,473714.0,-34612700.0,7.02572e-08,6.90767e-08
9.94e-08,6.93105e-08,6.90257e-08,481298.0,-34600900.0,7.02055e-08,6.90257e-08
9.95e-08,6.92567e-08,6.89736e-08,478997.0,-34603800.0,7.01535e-08,6.89736e-08
9.96e-08,6.92018e-08,6.89205e-08,473636.0,-34606200.0,7.01013e-08,6.89205e-08
9.97e-08,6.91516e-08,6.88662e-08,470093.0,-34611000.0,7.00486e-08,6.88662e-08
9.98e-08,6.91013e-08,6.88106e-08,472591.0,-34610800.0,6.99956e-08,6.88106e-08
9.99e-08,6.90504e-08,6.87603e-08,476446.0,-34608100.0,6.99443e-08,6.87603e-08
1e-07,6.8999e-08,6.87109e-08,479341.0,-34611300.0,6.98929e-08,6.87109e-08
1.001e-07,6.89468e-08,6.86606e-08,482002.0,-34606800.0,6.98415e-08,6.86606e-08
1.002e-07,6.88938e-08,6.86094e-08,476130.0,-34613500.0,6.97899e-08,6.86094e-08
1.003e-07,6.88399e-08,6.85573e-08,472965.0,-34617000.0,6.97381e-08,6.85573e-08
1.004e-07,6.87864e-08,6.8504e-08,465768.0,-34625700.0,6.96859e-08,6.8504e-08
1.005e-07,6.87365e-08,6.84495e-08,465925.0,-34624100.0,6.96333e-08,6.84495e-08
1.006e-07,6.86862e-08,6.83946e-08,469202.0,-34622600.0,6.9581e-08,6.83946e-08
1.007e-07,6.86354e-08,6.83458e-08,472793.0,-34620000.0,6.95299e-08,6.83458e-08
1.008e-07,6.85839e-08,6.82963e-08,475861.0,-34618500.0,6.94787e-08,6.82963e-08
1.009e-07,6.85317e-08,6.8246e-08,472205.0,-34624600.0,6.94275e-08,6.8246e-08
1.01e-07,6.84787e-08,6.81948e-08,468623.0,-34657700.0,6.9376e-08,6.81948e-08
1.011e-07,6.84248e-08,6.81425e-08,468457.0,-34627100.0,6.93243e-08,6.81425e-08
1.012e-07,6.83728e-08,6.80891e-08,465715.0,-34625000.0,6.92722e-08,6.80891e-08
1.013e-07,6.8323e-08,6.80345e-08,475853.0,-34615400.0,6.92197e-08,6.80345e-08
1.014e-07,6.82728e-08,6.79816e-08,474413.0,-34618100.0,6.9168e-08,6.79816e-08
1.015e-07,6.8222e-08,6.79328e-08,478190.0,-34613500.0,6.91171e-08,6.79328e-08
1.016e-07,6.81705e-08,6.78833e-08,480690.0,-34611400.0,6.90661e-08,6.78833e-08
1.017e-07,6.81183e-08,6.78329e-08,467424.0,-34636500.0,6.9015e-08,6.78329e-08
1.018e-07,6.80653e-08,6.77816e-08,465480.0,-34639300.0,6.89637e-08,6.77816e-08
1.019e-07,6.80113e-08,6.77293e-08,458230.0,-34647100.0,6.89121e-08,6.77293e-08
1.02e-07,6.79607e-08,6.76758e-08,452520.0,-34654700.0,6.88601e-08,6.76758e-08
1.021e-07,6.7911e-08,6.76211e-08,455140.0,-34657200.0,6.88076e-08,6.76211e-08
1.022e-07,6.78608e-08,6.757e-08,452291.0,-34664800.0,6.87566e-08,6.757e-08
1.023e-07,6.78101e-08,6.75213e-08,452754.0,-34669300.0,6.87059e-08,6.75213e-08
1.024e-07,6.77586e-08,6.74718e-08,461721.0,-34654400.0,6.86551e-08,6.74718e-08
1.025e-07,6.77064e-08,6.74214e-08,462582.0,-34648400.0,6.86041e-08,6.74214e-08
1.026e-07,6.76534e-08,6.73701e-08,460421.0,-34651100.0,6.8553e-08,6.73701e-08
1.027e-07,6.75993e-08,6.73177e-08,457192.0,-34650500.0,6.85015e-08,6.73177e-08
1.028e-07,6.75501e-08,6.72642e-08,458340.0,-34648800.0,6.84496e-08,6.72642e-08
1.029e-07,6.75005e-08,6.72093e-08,461919.0,-34646400.0,6.83973e-08,6.72093e-08
1.03e-07,6.74504e-08,6.716e-08,464844.0,-34643900.0,6.83468e-08,6.716e-08
1.031e-07,6.73997e-08,6.71112e-08,466752.0,-34644200.0,6.82962e-08,6.71112e-08
1.032e-07,6.73483e-08,6.70617e-08,457910.0,-34664800.0,6.82456e-08,6.70617e-08
1.033e-07,6.72962e-08,6.70114e-08,457702.0,-34660100.0,6.81948e-08,6.70114e-08
1.034e-07,6.72431e-08,6.69601e-08,453676.0,-34666100.0,6.81438e-08,6.69601e-08
1.035e-07,6.71901e-08,6.69077e-08,444862.0,-34674100.0,6.80924e-08,6.69077e-08
1.036e-07,6.7141e-08,6.68541e-08,439873.0,-34685200.0,6.80406e-08,6.68541e-08
1.037e-07,6.70915e-08,6.67993e-08,441119.0,-34689400.0,6.79888e-08,6.67993e-08
1.038e-07,6.70415e-08,6.67514e-08,440989.0,-34693600.0,6.79385e-08,6.67514e-08
1.039e-07,6.69909e-08,6.67027e-08,440111.0,-34696200.0,6.78881e-08,6.67027e-08
1.04e-07,6.69396e-08,6.66532e-08,453925.0,-34670300.0,6.78377e-08,6.66532e-08
1.041e-07,6.68875e-08,6.66029e-08,452834.0,-34672600.0,6.7787e-08,6.66029e-08
1.042e-07,6.68345e-08,6.65516e-08,450721.0,-34672900.0,6.77362e-08,6.65516e-08
1.043e-07,6.67824e-08,6.64992e-08,446789.0,-34673600.0,6.76849e-08,6.64992e-08
1.044e-07,6.67334e-08,6.64456e-08,446457.0,-34677000.0,6.76333e-08,6.64456e-08
1.045e-07,6.66841e-08,6.63921e-08,453779.0,-34670300.0,6.75819e-08,6.63921e-08
1.046e-07,6.66342e-08,6.63442e-08,456550.0,-34668000.0,6.75318e-08,6.63442e-08
1.047e-07,6.65836e-08,6.62956e-08,458406.0,-34661600.0,6.74816e-08,6.62956e-08
1.048e-07,6.65324e-08,6.62462e-08,449650.0,-34675800.0,6.74313e-08,6.62462e-08
1.049e-07,6.64804e-08,6.61959e-08,448051.0,-34685100.0,6.73808e-08,6.61959e-08
1.05e-07,6.64275e-08,6.61447e-08,444083.0,-34689200.0,6.73301e-08,6.61447e-08
1.051e-07,6.63761e-08,6.60924e-08,438891.0,-34692500.0,6.7279e-08,6.60924e-08
1.052e-07,6.63273e-08,6.60388e-08,437391.0,-34698700.0,6.72275e-08,6.60388e-08
1.053e-07,6.62781e-08,6.59863e-08,439897.0,-34699600.0,6.71765e-08,6.59863e-08
1.054e-07,6.62283e-08,6.59385e-08,440483.0,-34701400.0,6.71265e-08,6.59385e-08
1.055e-07,6.61779e-08,6.589e-08,440020.0,-34703000.0,6.70765e-08,6.589e-08
1.056e-07,6.61268e-08,6.58407e-08,444909.0,-34699900.0,6.70264e-08,6.58407e-08
1.057e-07,6.60749e-08,6.57905e-08,440511.0,-34739600.0,6.69761e-08,6.57905e-08
1.058e-07,6.60221e-08,6.57393e-08,437567.0,-34698800.0,6.69255e-08,6.57393e-08
1.059e-07,6.59714e-08,6.56871e-08,430461.0,-34712700.0,6.68746e-08,6.56871e-08
1.06e-07,6.59227e-08,6.56336e-08,423192.0,-34727300.0,6.68232e-08,6.56336e-08
1.061e-07,6.58736e-08,6.55819e-08,427934.0,-34728600.0,6.67726e-08,6.55819e-08
1.062e-07,6.58239e-08,6.55342e-08,427359.0,-34734500.0,6.67228e-08,6.55342e-08
1.063e-07,6.57737e-08,6.54858e-08,427078.0,-34733700.0,6.6673e-08,6.54858e-08
1.064e-07,6.57227e-08,6.54367e-08,440694.0,-34706300.0,6.6623e-08,6.54367e-08
1.065e-07,6.56709e-08,6.53866e-08,438683.0,-34712700.0,6.65729e-08,6.53866e-08
1.066e-07,6.56182e-08,6.53355e-08,432016.0,-34717700.0,6.65225e-08,6.53355e-08
1.067e-07,6.55681e-08,6.52834e-08,426063.0,-34725400.0,6.64717e-08,6.52834e-08
1.068e-07,6.55196e-08,6.523e-08,432240.0,-34723600.0,6.64205e-08,6.523e-08
1.069e-07,6.54706e-08,6.51789e-08,428267.0,-34734000.0,6.63701e-08,6.51789e-08
1.07e-07,6.54211e-08,6.51314e-08,429887.0,-34736300.0,6.63206e-08,6.51314e-08
1.071e-07,6.5371e-08,6.50831e-08,428473.0,-34736100.0,6.62709e-08,6.50831e-08
1.072e-07,6.53201e-08,6.50341e-08,436276.0,-34712900.0,6.62212e-08,6.50341e-08
1.073e-07,6.52685e-08,6.49842e-08,433786.0,-34721900.0,6.61712e-08,6.49842e-08
1.074e-07,6.5216e-08,6.49332e-08,427687.0,-34721900.0,6.6121e-08,6.49332e-08
1.075e-07,6.51662e-08,6.48812e-08,421733.0,-34737800.0,6.60704e-08,6.48812e-08
1.076e-07,6.51179e-08,6.4828e-08,421934.0,-34742700.0,6.60193e-08,6.4828e-08
1.077e-07,6.50691e-08,6.47774e-08,419226.0,-34751000.0,6.59692e-08,6.47774e-08
1.078e-07,6.50197e-08,6.473e-08,418615.0,-34755900.0,6.59198e-08,6.473e-08
1.079e-07,6.49697e-08,6.46819e-08,422713.0,-34753100.0,6.58703e-08,6.46819e-08
1.08e-07,6.49191e-08,6.4633e-08,431653.0,-34731700.0,6.58208e-08,6.4633e-08
1.081e-07,6.48676e-08,6.45832e-08,432222.0,-34697200.0,6.5771e-08,6.45832e-08
1.082e-07,6.48153e-08,6.45325e-08,424948.0,-34737700.0,6.57209e-08,6.45325e-08
1.083e-07,6.47657e-08,6.44807e-08,422236.0,-34740600.0,6.56705e-08,6.44807e-08
1.084e-07,6.47176e-08,6.44276e-08,419491.0,-34750100.0,6.56197e-08,6.44276e-08
1.085e-07,6.4669e-08,6.43772e-08,424524.0,-34745300.0,6.55697e-08,6.43772e-08
1.086e-07,6.46198e-08,6.433e-08,426416.0,-34745800.0,6.55205e-08,6.433e-08
1.087e-07,6.457e-08,6.42821e-08,427116.0,-34748600.0,6.54712e-08,6.42821e-08
1.088e-07,6.45195e-08,6.42334e-08,426886.0,-34750300.0,6.54218e-08,6.42334e-08
1.089e-07,6.44683e-08,6.41838e-08,422745.0,-34782800.0,6.53722e-08,6.41838e-08
1.09e-07,6.44161e-08,6.41332e-08,421063.0,-34746500.0,6.53223e-08,6.41332e-08
1.091e-07,6.43667e-08,6.40816e-08,417490.0,-34753400.0,6.52721e-08,6.40816e-08
1.092e-07,6.43187e-08,6.40288e-08,415814.0,-34762600.0,6.52215e-08,6.40288e-08
1.093e-07,6.42703e-08,6.39784e-08,418037.0,-34759800.0,6.51716e-08,6.39784e-08
1.094e-07,6.42213e-08,6.39314e-08,418412.0,-34761500.0,6.51226e-08,6.39314e-08
1.095e-07,6.41717e-08,6.38836e-08,423445.0,-34754900.0,6.50735e-08,6.38836e-08
1.096e-07,6.41215e-08,6.38351e-08,423328.0,-34750200.0,6.50243e-08,6.38351e-08
1.097e-07,6.40704e-08,6.37858e-08,424493.0,-34711600.0,6.49749e-08,6.37858e-08
1.098e-07,6.40185e-08,6.37355e-08,418811.0,-34756400.0,6.49252e-08,6.37355e-08
1.099e-07,6.3969e-08,6.36841e-08,417449.0,-34756900.0,6.48752e-08,6.36841e-08
1.1e-07,6.39213e-08,6.36315e-08,417107.0,-34760300.0,6.48248e-08,6.36315e-08
1.101e-07,6.3873e-08,6.35809e-08,423590.0,-34754200.0,6.4775e-08,6.35809e-08
1.102e-07,6.38243e-08,6.35341e-08,426039.0,-34752400.0,6.47261e-08,6.35341e-08
1.103e-07,6.37749e-08,6.34866e-08,427533.0,-34750300.0,6.46772e-08,6.34866e-08
1.104e-07,6.37249e-08,6.34383e-08,418934.0,-34768100.0,6.46282e-08,6.34383e-08
1.105e-07,6.36741e-08,6.33892e-08,417567.0,-34765600.0,6.4579e-08,6.33892e-08
1.106e-07,6.36224e-08,6.33392e-08,414842.0,-34767600.0,6.45295e-08,6.33392e-08
1.107e-07,6.35728e-08,6.3288e-08,412956.0,-34768300.0,6.44797e-08,6.3288e-08
1.108e-07,6.35252e-08,6.32358e-08,419695.0,-34764100.0,6.44295e-08,6.32358e-08
1.109e-07,6.34772e-08,6.31848e-08,421802.0,-34763500.0,6.43797e-08,6.31848e-08
1.11e-07,6.34286e-08,6.31382e-08,425181.0,-34760800.0,6.43311e-08,6.31382e-08
1.111e-07,6.33795e-08,6.3091e-08,423147.0,-34762900.0,6.42824e-08,6.3091e-08
1.112e-07,6.33297e-08,6.30429e-08,414790.0,-34780200.0,6.42335e-08,6.30429e-08
1.113e-07,6.32792e-08,6.29941e-08,413298.0,-34778300.0,6.41845e-08,6.29941e-08
1.114e-07,6.32278e-08,6.29443e-08,409224.0,-34782100.0,6.41353e-08,6.29443e-08
1.115e-07,6.31778e-08,6.28935e-08,404622.0,-34786800.0,6.40857e-08,6.28935e-08
1.116e-07,6.31305e-08,6.28415e-08,402573.0,-34794400.0,6.40357e-08,6.28415e-08
1.117e-07,6.30827e-08,6.279e-08,406678.0,-34792000.0,6.39859e-08,6.279e-08
1.118e-07,6.30344e-08,6.27437e-08,405635.0,-34797700.0,6.39374e-08,6.27437e-08
1.119e-07,6.29855e-08,6.26967e-08,410410.0,-34794000.0,6.38889e-08,6.26967e-08
1.12e-07,6.2936e-08,6.26489e-08,410650.0,-34792700.0,6.38402e-08,6.26489e-08
1.121e-07,6.28857e-08,6.26003e-08,409421.0,-34791100.0,6.37914e-08,6.26003e-08
1.122e-07,6.28347e-08,6.25509e-08,405739.0,-34792100.0,6.37424e-08,6.25509e-08
1.123e-07,6.27843e-08,6.25004e-08,400318.0,-34797400.0,6.36931e-08,6.25004e-08
1.124e-07,6.27371e-08,6.24488e-08,401762.0,-34801700.0,6.36433e-08,6.24488e-08
1.125e-07,6.26896e-08,6.23966e-08,408304.0,-34805500.0,6.35934e-08,6.23966e-08
1.126e-07,6.26415e-08,6.23505e-08,408183.0,-34801800.0,6.35451e-08,6.23505e-08
1.127e-07,6.25929e-08,6.23037e-08,406257.0,-34805800.0,6.34968e-08,6.23037e-08
1.128e-07,6.25437e-08,6.22562e-08,406966.0,-34801200.0,6.34483e-08,6.22562e-08
1.129e-07,6.24937e-08,6.2208e-08,405828.0,-34796900.0,6.33997e-08,6.2208e-08
1.13e-07,6.2443e-08,6.21588e-08,401136.0,-34804900.0,6.33509e-08,6.21588e-08
1.131e-07,6.2392e-08,6.21087e-08,393771.0,-34813600.0,6.33018e-08,6.21087e-08
1.132e-07,6.23451e-08,6.20575e-08,392441.0,-34822100.0,6.32523e-08,6.20575e-08
1.133e-07,6.22978e-08,6.20051e-08,389566.0,-34832100.0,6.32024e-08,6.20051e-08
1.134e-07,6.225e-08,6.19585e-08,392955.0,-34832600.0,6.31542e-08,6.19585e-08
1.135e-07,6.22017e-08,6.19121e-08,393607.0,-34835700.0,6.3106e-08,6.19121e-08
1.136e-07,6.21527e-08,6.18649e-08,402114.0,-34816100.0,6.30578e-08,6.18649e-08
1.137e-07,6.21031e-08,6.1817e-08,402021.0,-34810000.0,6.30094e-08,6.1817e-08
1.138e-07,6.20526e-08,6.17681e-08,396148.0,-34846600.0,6.29608e-08,6.17681e-08
1.139e-07,6.20012e-08,6.17184e-08,390517.0,-34822700.0,6.29119e-08,6.17184e-08
1.14e-07,6.19543e-08,6.16676e-08,388442.0,-34831500.0,6.28627e-08,6.16676e-08
1.141e-07,6.19073e-08,6.16156e-08,385232.0,-34842100.0,6.28131e-08,6.16156e-08
1.142e-07,6.18598e-08,6.15678e-08,385766.0,-34846700.0,6.27646e-08,6.15678e-08
1.143e-07,6.18118e-08,6.15217e-08,385644.0,-34851100.0,6.27166e-08,6.15217e-08
1.144e-07,6.17631e-08,6.14748e-08,391514.0,-34843900.0,6.26686e-08,6.14748e-08
1.145e-07,6.17138e-08,6.14272e-08,398481.0,-34823100.0,6.26204e-08,6.14272e-08
1.146e-07,6.16637e-08,6.13788e-08,395488.0,-34823700.0,6.2572e-08,6.13788e-08
1.147e-07,6.16128e-08,6.13294e-08,388421.0,-34832800.0,6.25234e-08,6.13294e-08
1.148e-07,6.15649e-08,6.1279e-08,384523.0,-34840500.0,6.24744e-08,6.1279e-08
1.149e-07,6.15181e-08,6.12275e-08,384420.0,-34847800.0,6.24251e-08,6.12275e-08
1.15e-07,6.14709e-08,6.11784e-08,381777.0,-34857100.0,6.23763e-08,6.11784e-08
1.151e-07,6.14232e-08,6.11326e-08,381647.0,-34861700.0,6.23285e-08,6.11326e-08
1.152e-07,6.13748e-08,6.10861e-08,385949.0,-34859800.0,6.22807e-08,6.10861e-08
1.153e-07,6.13259e-08,6.10388e-08,394563.0,-34836400.0,6.22327e-08,6.10388e-08
1.154e-07,6.12762e-08,6.09908e-08,393239.0,-34832000.0,6.21846e-08,6.09908e-08
1.155e-07,6.12257e-08,6.09418e-08,390234.0,-34836800.0,6.21362e-08,6.09418e-08
1.156e-07,6.11767e-08,6.08918e-08,388134.0,-34834500.0,6.20875e-08,6.08918e-08
1.157e-07,6.11302e-08,6.08408e-08,391285.0,-34835700.0,6.20384e-08,6.08408e-08
1.158e-07,6.10833e-08,6.07902e-08,396028.0,-34833600.0,6.19894e-08,6.07902e-08
1.159e-07,6.10358e-08,6.07447e-08,396401.0,-34834900.0,6.19417e-08,6.07447e-08
1.16e-07,6.09879e-08,6.06985e-08,397975.0,-34835000.0,6.18941e-08,6.06985e-08
1.161e-07,6.09393e-08,6.06517e-08,390052.0,-34855500.0,6.18463e-08,6.06517e-08
1.162e-07,6.08899e-08,6.0604e-08,388829.0,-34858500.0,6.17984e-08,6.0604e-08
1.163e-07,6.08398e-08,6.05555e-08,385791.0,-34852000.0,6.17503e-08,6.05555e-08
1.164e-07,6.07898e-08,6.0506e-08,379821.0,-34857100.0,6.17019e-08,6.0506e-08
1.165e-07,6.07435e-08,6.04554e-08,381475.0,-34856100.0,6.16531e-08,6.04554e-08
1.166e-07,6.06969e-08,6.04037e-08,379777.0,-34863500.0,6.16039e-08,6.04037e-08
1.167e-07,6.06498e-08,6.0358e-08,380985.0,-34866300.0,6.15562e-08,6.0358e-08
1.168e-07,6.06022e-08,6.03122e-08,385720.0,-34864100.0,6.15088e-08,6.03122e-08
1.169e-07,6.05539e-08,6.02657e-08,386578.0,-34857400.0,6.14612e-08,6.02657e-08
1.17e-07,6.0505e-08,6.02185e-08,385805.0,-34863800.0,6.14136e-08,6.02185e-08
1.171e-07,6.04553e-08,6.01704e-08,386828.0,-34820800.0,6.13657e-08,6.01704e-08
1.172e-07,6.04048e-08,6.01214e-08,380215.0,-34859600.0,6.13175e-08,6.01214e-08
1.173e-07,6.03581e-08,6.00713e-08,381488.0,-34856900.0,6.1269e-08,6.00713e-08
1.174e-07,6.03118e-08,6.00202e-08,384654.0,-34857000.0,6.12201e-08,6.00202e-08
1.175e-07,6.0265e-08,5.99725e-08,383566.0,-34862100.0,6.12e-08,5.99725e-08
1.176e-07,6.02177e-08,5.99271e-08,386821.0,-34860400.0,6.11298e-08,5.99271e-08
1.177e-07,6.01698e-08,5.9881e-08,390327.0,-34857600.0,6.10774e-08,5.9881e-08
1.178e-07,6.01213e-08,5.98342e-08,382627.0,-34871800.0,6.103e-08,5.98342e-08
1.179e-07,6.0072e-08,5.97865e-08,381191.0,-34867100.0,6.09823e-08,5.97865e-08
1.18e-07,6.0022e-08,5.9738e-08,377962.0,-34872100.0,6.09344e-08,5.9738e-08
1.181e-07,5.99739e-08,5.96885e-08,376525.0,-34869800.0,6.08863e-08,5.96885e-08
1.182e-07,5.99278e-08,5.96379e-08,379556.0,-34867900.0,6.08377e-08,5.96379e-08
1.183e-07,5.98814e-08,5.95882e-08,387134.0,-34863400.0,6.07891e-08,5.95882e-08
1.184e-07,5.98344e-08,5.95431e-08,387904.0,-34867200.0,6.0742e-08,5.95431e-08
1.185e-07,5.97869e-08,5.94974e-08,385964.0,-34869200.0,6.06949e-08,5.94974e-08
1.186e-07,5.97388e-08,5.9451e-08,378568.0,-34887200.0,6.06476e-08,5.9451e-08
1.187e-07,5.969e-08,5.94038e-08,377667.0,-34886400.0,6.06002e-08,5.94038e-08
1.188e-07,5.96405e-08,5.93558e-08,375479.0,-34884300.0,6.05526e-08,5.93558e-08
1.189e-07,5.95909e-08,5.93069e-08,371513.0,-34882500.0,6.05047e-08,5.93069e-08
1.19e-07,5.95451e-08,5.92569e-08,374525.0,-34880000.0,6.04565e-08,5.92569e-08
