Time,max(Result),min(Result)
9.99998e-11,6.32217e+06,-2.17297e+07
2e-10,6.43927e+06,-2.29663e+07
3.00003e-10,6.43214e+06,-2.31546e+07
4.00002e-10,6.44452e+06,-2.31667e+07
4.99999e-10,6.34443e+06,-2.34719e+07
5.99998e-10,6.17668e+06,-2.39556e+07
6.99997e-10,6.09662e+06,-2.38823e+07
7.99998e-10,6.09425e+06,-2.39857e+07
8.99997e-10,6.12825e+06,-2.39912e+07
1e-09,5.95641e+06,-2.43044e+07
1.1e-09,5.78105e+06,-2.47994e+07
1.2e-09,5.84224e+06,-2.45742e+07
1.3e-09,5.74678e+06,-2.47408e+07
1.4e-09,5.57463e+06,-2.5277e+07
1.5e-09,5.51462e+06,-2.53786e+07
1.6e-09,5.60746e+06,-2.51144e+07
1.7e-09,5.4522e+06,-2.55465e+07
1.8e-09,5.41442e+06,-2.54539e+07
1.9e-09,5.27873e+06,-2.59286e+07
2e-09,5.21786e+06,-2.6042e+07
2.1e-09,5.27043e+06,-2.58758e+07
2.2e-09,5.26818e+06,-2.59534e+07
2.3e-09,5.20589e+06,-2.58596e+07
2.4e-09,5.10716e+06,-2.63157e+07
2.5e-09,5.07958e+06,-2.62582e+07
2.6e-09,5.08823e+06,-2.63169e+07
2.7e-09,4.94044e+06,-2.66284e+07
2.80001e-09,4.90622e+06,-2.66648e+07
2.9e-09,4.86361e+06,-2.68314e+07
3e-09,4.77198e+06,-2.68718e+07
3.1e-09,4.85866e+06,-2.68506e+07
3.2e-09,4.78666e+06,-2.67546e+07
3.3e-09,4.70532e+06,-2.71867e+07
3.4e-09,4.67708e+06,-2.70892e+07
3.5e-09,4.55813e+06,-2.7503e+07
3.6e-09,4.62597e+06,-2.72255e+07
3.7e-09,4.61975e+06,-2.73392e+07
3.8e-09,4.44445e+06,-2.7649e+07
3.9e-09,4.39868e+06,-2.78228e+07
4e-09,4.4231e+06,-2.77066e+07
4.1e-09,4.39763e+06,-2.78074e+07
4.2e-09,4.35352e+06,-2.78609e+07
4.3e-09,4.32342e+06,-2.79591e+07
4.4e-09,4.23605e+06,-2.81128e+07
4.5e-09,4.18586e+06,-2.8265e+07
4.59999e-09,4.21735e+06,-2.81436e+07
4.7e-09,4.19265e+06,-2.82459e+07
4.8e-09,4.10554e+06,-2.83698e+07
4.9e-09,4.19312e+06,-2.8239e+07
5.00001e-09,4.12635e+06,-2.83021e+07
5.10001e-09,4.13062e+06,-2.83813e+07
5.2e-09,3.98222e+06,-2.858e+07
5.3e-09,4.06949e+06,-2.8519e+07
5.39999e-09,3.94505e+06,-2.86228e+07
5.5e-09,3.95322e+06,-2.87741e+07
5.6e-09,3.90994e+06,-2.86781e+07
5.7e-09,3.84385e+06,-2.90089e+07
5.8e-09,3.89512e+06,-2.8719e+07
5.9e-09,3.88781e+06,-2.88896e+07
6e-09,3.85117e+06,-2.88864e+07
6.1e-09,3.78222e+06,-2.90862e+07
6.2e-09,3.74578e+06,-2.91749e+07
6.3e-09,3.76023e+06,-2.90826e+07
6.4e-09,3.64862e+06,-2.94146e+07
6.49999e-09,3.66341e+06,-2.92178e+07
6.60001e-09,3.6738e+06,-2.93758e+07
6.7e-09,3.62182e+06,-2.93222e+07
6.8e-09,3.65537e+06,-2.93813e+07
6.9e-09,3.61767e+06,-2.9375e+07
7e-09,3.56051e+06,-2.95421e+07
7.1e-09,3.5514e+06,-2.95973e+07
7.2e-09,3.47639e+06,-2.96422e+07
7.3e-09,3.52141e+06,-2.96584e+07
7.40001e-09,3.41228e+06,-2.97951e+07
7.5e-09,3.39443e+06,-2.9924e+07
7.6e-09,3.32133e+06,-3.0009e+07
7.7e-09,3.40674e+06,-2.98515e+07
7.8e-09,3.37555e+06,-2.99767e+07
7.9e-09,3.37062e+06,-2.9825e+07
8e-09,3.30144e+06,-3.01467e+07
8.1e-09,3.24281e+06,-3.01742e+07
8.2e-09,3.25537e+06,-3.01871e+07
8.3e-09,3.34206e+06,-3.00417e+07
8.4e-09,3.26985e+06,-3.00667e+07
8.5e-09,3.17685e+06,-3.03899e+07
8.6e-09,3.27329e+06,-3.00819e+07
8.7e-09,3.20424e+06,-3.03321e+07
8.8e-09,3.16847e+06,-3.03836e+07
8.9e-09,3.18239e+06,-3.02569e+07
9.00001e-09,3.16666e+06,-3.03989e+07
9.1e-09,3.14004e+06,-3.03434e+07
9.2e-09,3.16746e+06,-3.03954e+07
9.3e-09,3.00703e+06,-3.07166e+07
9.4e-09,3.04162e+06,-3.05248e+07
9.5e-09,3.12552e+06,-3.05292e+07
9.6e-09,2.9493e+06,-3.08257e+07
9.69999e-09,3.01778e+06,-3.06853e+07
9.8e-09,2.98511e+06,-3.0826e+07
9.9e-09,3.00593e+06,-3.0661e+07
1e-08,3.00897e+06,-3.0757e+07
1.01e-08,2.96327e+06,-3.08053e+07
1.02e-08,2.91269e+06,-3.08217e+07
1.03e-08,2.96686e+06,-3.08354e+07
1.04e-08,2.94075e+06,-3.08382e+07
1.05e-08,2.90324e+06,-3.09191e+07
1.06e-08,2.87085e+06,-3.1024e+07
1.07e-08,2.87299e+06,-3.09355e+07
1.08e-08,2.8901e+06,-3.09787e+07
1.09e-08,2.8609e+06,-3.09943e+07
1.1e-08,2.79268e+06,-3.10602e+07
1.11e-08,2.87172e+06,-3.10533e+07
1.12e-08,2.71627e+06,-3.13057e+07
1.13e-08,2.73023e+06,-3.12269e+07
1.14e-08,2.82527e+06,-3.11484e+07
1.15e-08,2.796e+06,-3.11063e+07
1.16e-08,2.77235e+06,-3.11959e+07
1.17e-08,2.66827e+06,-3.14416e+07
1.18e-08,2.70011e+06,-3.13226e+07
1.19e-08,2.7275e+06,-3.13321e+07
1.2e-08,2.64079e+06,-3.14674e+07
1.21e-08,2.70859e+06,-3.12904e+07
1.22e-08,2.62794e+06,-3.153e+07
1.23e-08,2.67646e+06,-3.13991e+07
1.24e-08,2.67498e+06,-3.1344e+07
1.25e-08,2.67956e+06,-3.14455e+07
1.26e-08,2.66701e+06,-3.14387e+07
1.27e-08,2.5953e+06,-3.15158e+07
1.28e-08,2.61185e+06,-3.15615e+07
1.29e-08,2.53128e+06,-3.17209e+07
1.3e-08,2.56656e+06,-3.15604e+07
1.31e-08,2.53164e+06,-3.17577e+07
1.32e-08,2.53825e+06,-3.17344e+07
1.33e-08,2.54244e+06,-3.16264e+07
1.34e-08,2.4934e+06,-3.18339e+07
1.35e-08,2.52812e+06,-3.17121e+07
1.36e-08,2.53037e+06,-3.16755e+07
1.37e-08,2.4992e+06,-3.17856e+07
1.38e-08,2.47329e+06,-3.18321e+07
1.39e-08,2.48529e+06,-3.17826e+07
1.4e-08,2.40816e+06,-3.19643e+07
1.41e-08,2.46608e+06,-3.18684e+07
1.42e-08,2.41685e+06,-3.18704e+07
1.43e-08,2.4113e+06,-3.19536e+07
1.44e-08,2.37811e+06,-3.20116e+07
1.45e-08,2.43342e+06,-3.18884e+07
1.46e-08,2.39937e+06,-3.20235e+07
1.47e-08,2.35063e+06,-3.20772e+07
1.48e-08,2.42614e+06,-3.18938e+07
1.49e-08,2.38742e+06,-3.20365e+07
1.5e-08,2.31715e+06,-3.21539e+07
1.51e-08,2.35083e+06,-3.19954e+07
1.52e-08,2.28638e+06,-3.22392e+07
1.53e-08,2.3073e+06,-3.21918e+07
1.54e-08,2.30857e+06,-3.20942e+07
1.55e-08,2.2596e+06,-3.22849e+07
1.56e-08,2.32046e+06,-3.21666e+07
1.57e-08,2.31488e+06,-3.21325e+07
1.58e-08,2.28759e+06,-3.22051e+07
1.59e-08,2.29167e+06,-3.22348e+07
1.6e-08,2.25929e+06,-3.22509e+07
1.61e-08,2.20912e+06,-3.23572e+07
1.62e-08,2.26392e+06,-3.22969e+07
1.63e-08,2.26737e+06,-3.22837e+07
1.64e-08,2.1771e+06,-3.23946e+07
1.65e-08,2.17387e+06,-3.24994e+07
1.66e-08,2.1849e+06,-3.24328e+07
1.67e-08,2.15428e+06,-3.24124e+07
1.68e-08,2.20855e+06,-3.24114e+07
1.69e-08,2.17322e+06,-3.24816e+07
1.7e-08,2.17822e+06,-3.23767e+07
1.71e-08,2.18203e+06,-3.24502e+07
1.72e-08,2.13058e+06,-3.25755e+07
1.73e-08,2.12111e+06,-3.25228e+07
1.74e-08,2.13049e+06,-3.25336e+07
1.75e-08,2.12579e+06,-3.2599e+07
1.76e-08,2.11476e+06,-3.25796e+07
1.77e-08,2.09024e+06,-3.25904e+07
1.78e-08,2.13228e+06,-3.25807e+07
1.79e-08,2.0895e+06,-3.2651e+07
1.8e-08,2.10891e+06,-3.2537e+07
1.81e-08,2.057e+06,-3.27389e+07
1.82e-08,2.07549e+06,-3.27059e+07
1.83e-08,2.08037e+06,-3.2641e+07
1.84e-08,2.03953e+06,-3.27424e+07
1.85e-08,2.08352e+06,-3.26946e+07
1.86e-08,2.0633e+06,-3.27183e+07
1.87e-08,2.05132e+06,-3.26602e+07
1.88e-08,2.00875e+06,-3.28612e+07
1.89e-08,2.03347e+06,-3.2796e+07
1.9e-08,2.04321e+06,-3.27026e+07
1.91e-08,2.01688e+06,-3.2814e+07
1.92e-08,2.00983e+06,-3.2862e+07
1.93e-08,2.01219e+06,-3.28245e+07
1.94e-08,1.96638e+06,-3.2868e+07
1.95e-08,2.01829e+06,-3.284e+07
1.96e-08,1.98474e+06,-3.29005e+07
1.97e-08,2.01206e+06,-3.27876e+07
1.98e-08,1.99764e+06,-3.28651e+07
1.99e-08,1.96668e+06,-3.29589e+07
2e-08,1.95944e+06,-3.29264e+07
2.01e-08,1.9543e+06,-3.29079e+07
2.02e-08,1.9485e+06,-3.29985e+07
2.03e-08,1.94173e+06,-3.30019e+07
2.04e-08,1.918e+06,-3.29865e+07
2.05e-08,1.95499e+06,-3.29581e+07
2.06e-08,1.92496e+06,-3.30538e+07
2.07e-08,1.93393e+06,-3.30112e+07
2.08e-08,1.91253e+06,-3.29903e+07
2.09e-08,1.90759e+06,-3.30876e+07
2.1e-08,1.90154e+06,-3.30971e+07
2.11e-08,1.90982e+06,-3.3016e+07
2.12e-08,1.91327e+06,-3.30378e+07
2.13e-08,1.8849e+06,-3.31444e+07
2.14e-08,1.86398e+06,-3.31486e+07
2.15e-08,1.87208e+06,-3.30678e+07
2.16e-08,1.86798e+06,-3.3168e+07
2.17e-08,1.8629e+06,-3.31902e+07
2.18e-08,1.86631e+06,-3.31401e+07
2.19e-08,1.8639e+06,-3.31138e+07
2.2e-08,1.83132e+06,-3.32323e+07
2.21e-08,1.83106e+06,-3.32412e+07
2.22e-08,1.83353e+06,-3.31771e+07
2.23e-08,1.82942e+06,-3.32308e+07
2.24e-08,1.82565e+06,-3.32761e+07
2.25e-08,1.79966e+06,-3.32896e+07
2.26e-08,1.8178e+06,-3.31812e+07
2.27e-08,1.78548e+06,-3.33489e+07
2.28e-08,1.80487e+06,-3.33202e+07
2.29e-08,1.78783e+06,-3.33117e+07
2.3e-08,1.80333e+06,-3.32369e+07
2.31e-08,1.7722e+06,-3.34138e+07
2.32e-08,1.7845e+06,-3.33596e+07
2.33e-08,1.79192e+06,-3.32951e+07
2.34e-08,1.79466e+06,-3.32914e+07
2.35e-08,1.76945e+06,-3.3398e+07
2.36e-08,1.77656e+06,-3.33821e+07
2.37e-08,1.77506e+06,-3.33069e+07
2.38e-08,1.77537e+06,-3.33551e+07
2.39e-08,1.74987e+06,-3.34426e+07
2.4e-08,1.75054e+06,-3.34186e+07
2.41e-08,1.74173e+06,-3.33542e+07
2.42e-08,1.7117e+06,-3.35049e+07
2.43e-08,1.73116e+06,-3.34834e+07
2.44e-08,1.73447e+06,-3.34484e+07
2.45e-08,1.73707e+06,-3.33702e+07
2.46e-08,1.71385e+06,-3.34772e+07
2.47e-08,1.71461e+06,-3.352e+07
2.48e-08,1.71886e+06,-3.34728e+07
2.49e-08,1.67811e+06,-3.35132e+07
2.5e-08,1.6972e+06,-3.35473e+07
2.51e-08,1.69382e+06,-3.3561e+07
2.52e-08,1.67356e+06,-3.35616e+07
2.53e-08,1.69345e+06,-3.3489e+07
2.54e-08,1.6796e+06,-3.35882e+07
2.55e-08,1.67643e+06,-3.35968e+07
2.56e-08,1.66978e+06,-3.35668e+07
2.57e-08,1.66317e+06,-3.35693e+07
2.58e-08,1.66155e+06,-3.36288e+07
2.59e-08,1.66948e+06,-3.36204e+07
2.6e-08,1.66918e+06,-3.35639e+07
2.61e-08,1.66606e+06,-3.35697e+07
2.62e-08,1.64536e+06,-3.36649e+07
2.63e-08,1.63016e+06,-3.3683e+07
2.64e-08,1.63559e+06,-3.36317e+07
2.65e-08,1.63351e+06,-3.36468e+07
2.66e-08,1.62754e+06,-3.37034e+07
2.67e-08,1.61439e+06,-3.37166e+07
2.68e-08,1.63538e+06,-3.36365e+07
2.69e-08,1.62546e+06,-3.3657e+07
2.7e-08,1.61063e+06,-3.37395e+07
2.71e-08,1.6208e+06,-3.37275e+07
2.72e-08,1.61897e+06,-3.36742e+07
2.73e-08,1.60787e+06,-3.36918e+07
2.74e-08,1.59402e+06,-3.3774e+07
2.75e-08,1.60158e+06,-3.37683e+07
2.76e-08,1.5701e+06,-3.37764e+07
2.77e-08,1.56443e+06,-3.37869e+07
2.78e-08,1.5776e+06,-3.38072e+07
2.79e-08,1.56619e+06,-3.38249e+07
2.8e-08,1.55532e+06,-3.38127e+07
2.81e-08,1.55078e+06,-3.38112e+07
2.82e-08,1.56109e+06,-3.38391e+07
2.83e-08,1.55994e+06,-3.38495e+07
2.84e-08,1.54156e+06,-3.38458e+07
2.85e-08,1.51828e+06,-3.3857e+07
2.86e-08,1.54524e+06,-3.38681e+07
2.87e-08,1.54419e+06,-3.38838e+07
2.88e-08,1.55365e+06,-3.38371e+07
2.89e-08,1.55273e+06,-3.37842e+07
2.9e-08,1.52921e+06,-3.38953e+07
2.91e-08,1.52891e+06,-3.39164e+07
2.92e-08,1.51442e+06,-3.39238e+07
2.93e-08,1.50042e+06,-3.38863e+07
2.94e-08,1.51326e+06,-3.39198e+07
2.95e-08,1.51357e+06,-3.39477e+07
2.96e-08,1.51123e+06,-3.39384e+07
2.97e-08,1.50567e+06,-3.3894e+07
2.98e-08,1.49558e+06,-3.39553e+07
2.99e-08,1.49776e+06,-3.39774e+07
3e-08,1.49101e+06,-3.39848e+07
3.01e-08,1.47505e+06,-3.39709e+07
3.02e-08,1.46984e+06,-3.39906e+07
3.03e-08,1.48332e+06,-3.40019e+07
3.04e-08,1.48006e+06,-3.40132e+07
3.05e-08,1.46291e+06,-3.4011e+07
3.06e-08,1.443e+06,-3.40201e+07
3.07e-08,1.46733e+06,-3.40256e+07
3.08e-08,1.46295e+06,-3.40463e+07
3.09e-08,1.46552e+06,-3.40194e+07
3.1e-08,1.46041e+06,-3.39598e+07
3.11e-08,1.45219e+06,-3.40433e+07
3.12e-08,1.45291e+06,-3.40699e+07
3.13e-08,1.45113e+06,-3.4063e+07
3.14e-08,1.44669e+06,-3.40202e+07
3.15e-08,1.44071e+06,-3.40536e+07
3.16e-08,1.43871e+06,-3.40933e+07
3.17e-08,1.44311e+06,-3.40868e+07
3.18e-08,1.45119e+06,-3.40308e+07
3.19e-08,1.45365e+06,-3.40148e+07
3.2e-08,1.42342e+06,-3.41136e+07
3.21e-08,1.41705e+06,-3.41352e+07
3.22e-08,1.40715e+06,-3.41388e+07
3.23e-08,1.38549e+06,-3.41176e+07
3.24e-08,1.4083e+06,-3.41272e+07
3.25e-08,1.40968e+06,-3.41539e+07
3.26e-08,1.41825e+06,-3.41313e+07
3.27e-08,1.42207e+06,-3.40765e+07
3.28e-08,1.40152e+06,-3.41268e+07
3.29e-08,1.3952e+06,-3.41744e+07
3.3e-08,1.4083e+06,-3.41638e+07
3.31e-08,1.40901e+06,-3.41229e+07
3.32e-08,1.40495e+06,-3.40952e+07
3.33e-08,1.3804e+06,-3.4188e+07
3.34e-08,1.38166e+06,-3.42087e+07
3.35e-08,1.38082e+06,-3.41955e+07
3.36e-08,1.37608e+06,-3.41574e+07
3.37e-08,1.3696e+06,-3.41911e+07
3.38e-08,1.36754e+06,-3.42291e+07
3.39e-08,1.36767e+06,-3.42328e+07
3.4e-08,1.36437e+06,-3.42104e+07
3.41e-08,1.35875e+06,-3.41895e+07
3.42e-08,1.35299e+06,-3.42414e+07
3.43e-08,1.34942e+06,-3.42655e+07
3.44e-08,1.36644e+06,-3.42238e+07
3.45e-08,1.36672e+06,-3.41735e+07
3.46e-08,1.34095e+06,-3.42441e+07
3.47e-08,1.34027e+06,-3.42794e+07
3.48e-08,1.33332e+06,-3.42966e+07
3.49e-08,1.32164e+06,-3.42927e+07
3.5e-08,1.3237e+06,-3.42603e+07
3.51e-08,1.32601e+06,-3.42885e+07
3.52e-08,1.33197e+06,-3.43041e+07
3.53e-08,1.32693e+06,-3.42997e+07
3.54e-08,1.32318e+06,-3.42628e+07
3.55e-08,1.31572e+06,-3.42866e+07
3.56e-08,1.3138e+06,-3.43246e+07
3.57e-08,1.30788e+06,-3.43443e+07
3.58e-08,1.29644e+06,-3.43456e+07
3.59e-08,1.29855e+06,-3.43051e+07
3.6e-08,1.29938e+06,-3.4329e+07
3.61e-08,1.30143e+06,-3.43542e+07
3.62e-08,1.2895e+06,-3.43738e+07
3.63e-08,1.28132e+06,-3.4353e+07
3.64e-08,1.29757e+06,-3.43128e+07
3.65e-08,1.2875e+06,-3.43645e+07
3.66e-08,1.29871e+06,-3.43681e+07
3.67e-08,1.28747e+06,-3.43688e+07
3.68e-08,1.28301e+06,-3.4334e+07
3.69e-08,1.27634e+06,-3.43609e+07
3.7e-08,1.27556e+06,-3.43947e+07
3.71e-08,1.27637e+06,-3.4399e+07
3.72e-08,1.27497e+06,-3.43754e+07
3.73e-08,1.27836e+06,-3.43317e+07
3.74e-08,1.26143e+06,-3.43969e+07
3.75e-08,1.26248e+06,-3.44226e+07
3.76e-08,1.25075e+06,-3.44427e+07
3.77e-08,1.24402e+06,-3.44206e+07
3.78e-08,1.25484e+06,-3.43835e+07
3.79e-08,1.24965e+06,-3.44281e+07
3.8e-08,1.24694e+06,-3.44448e+07
3.81e-08,1.26627e+06,-3.44016e+07
3.82e-08,1.26551e+06,-3.43546e+07
3.83e-08,1.24062e+06,-3.44176e+07
3.84e-08,1.23826e+06,-3.44551e+07
3.85e-08,1.2395e+06,-3.44639e+07
3.86e-08,1.23775e+06,-3.44511e+07
3.87e-08,1.24437e+06,-3.4391e+07
3.88e-08,1.22589e+06,-3.445e+07
3.89e-08,1.22668e+06,-3.44795e+07
3.9e-08,1.23885e+06,-3.44616e+07
3.91e-08,1.24227e+06,-3.44287e+07
3.92e-08,1.21605e+06,-3.44653e+07
3.93e-08,1.21284e+06,-3.4478e+07
3.94e-08,1.2208e+06,-3.44957e+07
3.95e-08,1.21515e+06,-3.45022e+07
3.96e-08,1.21327e+06,-3.44739e+07
3.97e-08,1.21376e+06,-3.44492e+07
3.98e-08,1.20184e+06,-3.45027e+07
3.99e-08,1.21294e+06,-3.45124e+07
4e-08,1.20315e+06,-3.45196e+07
4.01e-08,1.20094e+06,-3.44873e+07
4.02e-08,1.19083e+06,-3.44901e+07
4.03e-08,1.19036e+06,-3.45264e+07
4.04e-08,1.18472e+06,-3.45554e+07
4.05e-08,1.17672e+06,-3.45618e+07
4.06e-08,1.17205e+06,-3.45342e+07
4.07e-08,1.18025e+06,-3.45123e+07
4.08e-08,1.17918e+06,-3.45479e+07
4.09e-08,1.17181e+06,-3.45769e+07
4.1e-08,1.16462e+06,-3.45792e+07
4.11e-08,1.16624e+06,-3.45362e+07
4.12e-08,1.16985e+06,-3.45329e+07
4.13e-08,1.16807e+06,-3.45679e+07
4.14e-08,1.16958e+06,-3.45785e+07
4.15e-08,1.16833e+06,-3.45696e+07
4.16e-08,1.17592e+06,-3.45152e+07
4.17e-08,1.15795e+06,-3.4553e+07
4.18e-08,1.15702e+06,-3.45867e+07
4.19e-08,1.15839e+06,-3.45964e+07
4.2e-08,1.1571e+06,-3.4586e+07
4.21e-08,1.1437e+06,-3.45572e+07
4.22e-08,1.14611e+06,-3.45721e+07
4.23e-08,1.14603e+06,-3.46044e+07
4.24e-08,1.14762e+06,-3.46123e+07
4.25e-08,1.14668e+06,-3.45977e+07
4.26e-08,1.14278e+06,-3.45606e+07
4.27e-08,1.13519e+06,-3.45888e+07
4.28e-08,1.13722e+06,-3.4619e+07
4.29e-08,1.1363e+06,-3.46307e+07
4.3e-08,1.13563e+06,-3.46172e+07
4.31e-08,1.13194e+06,-3.45784e+07
4.32e-08,1.12442e+06,-3.46042e+07
4.33e-08,1.12667e+06,-3.46344e+07
4.34e-08,1.12569e+06,-3.46464e+07
4.35e-08,1.12498e+06,-3.46341e+07
4.36e-08,1.11135e+06,-3.46104e+07
4.37e-08,1.11402e+06,-3.46179e+07
4.38e-08,1.11584e+06,-3.46476e+07
4.39e-08,1.12688e+06,-3.46407e+07
4.4e-08,1.13009e+06,-3.46216e+07
4.41e-08,1.1214e+06,-3.46043e+07
4.42e-08,1.10401e+06,-3.46299e+07
4.43e-08,1.1007e+06,-3.4669e+07
4.44e-08,1.09287e+06,-3.46995e+07
4.45e-08,1.08811e+06,-3.4703e+07
4.46e-08,1.10095e+06,-3.46388e+07
4.47e-08,1.09417e+06,-3.46414e+07
4.48e-08,1.09064e+06,-3.46803e+07
4.49e-08,1.08298e+06,-3.4713e+07
4.5e-08,1.07808e+06,-3.472e+07
4.51e-08,1.09093e+06,-3.46608e+07
4.52e-08,1.08416e+06,-3.46544e+07
4.53e-08,1.08077e+06,-3.46898e+07
4.54e-08,1.07336e+06,-3.47255e+07
4.55e-08,1.06851e+06,-3.47334e+07
4.56e-08,1.07878e+06,-3.4687e+07
4.57e-08,1.07582e+06,-3.4654e+07
4.58e-08,1.07078e+06,-3.46982e+07
4.59e-08,1.06406e+06,-3.47363e+07
4.6e-08,1.05897e+06,-3.47467e+07
4.61e-08,1.06033e+06,-3.47251e+07
4.62e-08,1.0669e+06,-3.46575e+07
4.63e-08,1.06017e+06,-3.47056e+07
4.64e-08,1.06258e+06,-3.47318e+07
4.65e-08,1.06373e+06,-3.4735e+07
4.66e-08,1.06228e+06,-3.47228e+07
4.67e-08,1.0581e+06,-3.46824e+07
4.68e-08,1.0498e+06,-3.47109e+07
4.69e-08,1.05416e+06,-3.47438e+07
4.7e-08,1.0398e+06,-3.47774e+07
4.71e-08,1.03744e+06,-3.47721e+07
4.72e-08,1.03995e+06,-3.47214e+07
4.73e-08,1.04173e+06,-3.47166e+07
4.74e-08,1.04225e+06,-3.47519e+07
4.75e-08,1.03112e+06,-3.47877e+07
4.76e-08,1.0283e+06,-3.47896e+07
4.77e-08,1.04068e+06,-3.47359e+07
4.78e-08,1.03689e+06,-3.47093e+07
4.79e-08,1.03137e+06,-3.47549e+07
4.8e-08,1.03344e+06,-3.47759e+07
4.81e-08,1.03434e+06,-3.47741e+07
4.82e-08,1.03197e+06,-3.47601e+07
4.83e-08,1.02166e+06,-3.47232e+07
4.84e-08,1.02092e+06,-3.47572e+07
4.85e-08,1.03182e+06,-3.47693e+07
4.86e-08,1.03911e+06,-3.47626e+07
4.87e-08,1.03705e+06,-3.4754e+07
4.88e-08,1.0191e+06,-3.47488e+07
4.89e-08,1.01129e+06,-3.47586e+07
4.9e-08,1.01312e+06,-3.47904e+07
4.91e-08,1.01466e+06,-3.48046e+07
4.92e-08,1.01436e+06,-3.48e+07
4.93e-08,1.01147e+06,-3.47751e+07
4.94e-08,1.00508e+06,-3.4752e+07
4.95e-08,997514,-3.48006e+07
4.96e-08,993481,-3.4835e+07
4.97e-08,990272,-3.4848e+07
4.98e-08,1.00339e+06,-3.48016e+07
4.99e-08,998548,-3.47603e+07
5e-08,992493,-3.4791e+07
5.01e-08,986180,-3.48359e+07
5.02e-08,981729,-3.48573e+07
5.03e-08,983172,-3.4846e+07
5.04e-08,982955,-3.48029e+07
5.05e-08,984241,-3.47849e+07
5.06e-08,972281,-3.48396e+07
5.07e-08,973521,-3.48644e+07
5.08e-08,971861,-3.48688e+07
5.09e-08,984168,-3.48221e+07
5.1e-08,975250,-3.47841e+07
5.11e-08,974572,-3.48195e+07
5.12e-08,976792,-3.48461e+07
5.13e-08,977218,-3.48572e+07
5.14e-08,976437,-3.48455e+07
5.15e-08,979967,-3.4803e+07
5.16e-08,964576,-3.48114e+07
5.17e-08,966869,-3.48471e+07
5.18e-08,968322,-3.48652e+07
5.19e-08,968224,-3.48642e+07
5.2e-08,965688,-3.48447e+07
5.21e-08,962193,-3.48013e+07
5.22e-08,951727,-3.48502e+07
5.23e-08,947971,-3.4889e+07
5.24e-08,945445,-3.49048e+07
5.25e-08,957688,-3.48746e+07
5.26e-08,954349,-3.4838e+07
5.27e-08,946521,-3.48318e+07
5.28e-08,941680,-3.48813e+07
5.29e-08,937009,-3.49117e+07
5.3e-08,935990,-3.49157e+07
5.31e-08,948005,-3.48704e+07
5.32e-08,939465,-3.48355e+07
5.33e-08,933996,-3.48682e+07
5.34e-08,930398,-3.49087e+07
5.35e-08,927993,-3.49267e+07
5.36e-08,941592,-3.48891e+07
5.37e-08,937217,-3.48664e+07
5.38e-08,929721,-3.4846e+07
5.39e-08,924711,-3.4892e+07
5.4e-08,933079,-3.4906e+07
5.41e-08,933228,-3.49104e+07
5.42e-08,931070,-3.48985e+07
5.43e-08,930352,-3.48573e+07
5.44e-08,923747,-3.48689e+07
5.45e-08,933503,-3.48871e+07
5.46e-08,938594,-3.48937e+07
5.47e-08,925566,-3.49159e+07
5.48e-08,912372,-3.49045e+07
5.49e-08,914354,-3.48597e+07
5.5e-08,907423,-3.49034e+07
5.51e-08,915708,-3.49224e+07
5.52e-08,916523,-3.49289e+07
5.53e-08,914768,-3.49257e+07
5.54e-08,910558,-3.4897e+07
5.55e-08,903717,-3.4879e+07
5.56e-08,906162,-3.49165e+07
5.57e-08,907647,-3.49365e+07
5.58e-08,907849,-3.49392e+07
5.59e-08,905292,-3.49302e+07
5.6e-08,896314,-3.49018e+07
5.61e-08,891035,-3.49094e+07
5.62e-08,888030,-3.49531e+07
5.63e-08,885656,-3.49781e+07
5.64e-08,898717,-3.49508e+07
5.65e-08,904626,-3.49206e+07
5.66e-08,889202,-3.48973e+07
5.67e-08,894444,-3.49111e+07
5.68e-08,902833,-3.49268e+07
5.69e-08,905423,-3.49321e+07
5.7e-08,890013,-3.49587e+07
5.71e-08,893184,-3.49251e+07
5.72e-08,878701,-3.48981e+07
5.73e-08,881168,-3.49388e+07
5.74e-08,882823,-3.49632e+07
5.75e-08,882593,-3.49753e+07
5.76e-08,881124,-3.49661e+07
5.77e-08,876422,-3.49378e+07
5.78e-08,871280,-3.49171e+07
5.79e-08,873583,-3.49543e+07
5.8e-08,874966,-3.49754e+07
5.81e-08,874759,-3.49816e+07
5.82e-08,872282,-3.49717e+07
5.83e-08,863606,-3.49461e+07
5.84e-08,871682,-3.49227e+07
5.85e-08,876666,-3.49485e+07
5.86e-08,880319,-3.49626e+07
5.87e-08,866453,-3.49906e+07
5.88e-08,863505,-3.4977e+07
5.89e-08,857294,-3.49465e+07
5.9e-08,862924,-3.4942e+07
5.91e-08,858346,-3.49809e+07
5.92e-08,859359,-3.49953e+07
5.93e-08,858227,-3.49995e+07
5.94e-08,862897,-3.49722e+07
5.95e-08,847963,-3.4952e+07
5.96e-08,842188,-3.49745e+07
5.97e-08,838209,-3.50158e+07
5.98e-08,837800,-3.50338e+07
5.99e-08,850058,-3.50082e+07
6e-08,839030,-3.49987e+07
6.01e-08,840192,-3.49499e+07
6.02e-08,848998,-3.49607e+07
6.03e-08,855992,-3.49787e+07
6.04e-08,857353,-3.49875e+07
6.05e-08,841999,-3.50169e+07
6.06e-08,837867,-3.49966e+07
6.07e-08,831553,-3.49656e+07
6.08e-08,833909,-3.49852e+07
6.09e-08,835527,-3.50128e+07
6.1e-08,835807,-3.5026e+07
6.11e-08,834072,-3.50256e+07
6.12e-08,829715,-3.50047e+07
6.13e-08,826288,-3.49701e+07
6.14e-08,835213,-3.49786e+07
6.15e-08,840862,-3.49973e+07
6.16e-08,836525,-3.50205e+07
6.17e-08,826286,-3.50344e+07
6.18e-08,821764,-3.50135e+07
6.19e-08,817630,-3.49821e+07
6.2e-08,818980,-3.5003e+07
6.21e-08,820468,-3.50302e+07
6.22e-08,820798,-3.50403e+07
6.23e-08,818656,-3.50431e+07
6.24e-08,819325,-3.50157e+07
6.25e-08,808089,-3.49963e+07
6.26e-08,802327,-3.50271e+07
6.27e-08,800190,-3.50622e+07
6.28e-08,808010,-3.50639e+07
6.29e-08,811184,-3.5052e+07
6.3e-08,811881,-3.50255e+07
6.31e-08,804779,-3.49989e+07
6.32e-08,813305,-3.49995e+07
6.33e-08,818326,-3.50203e+07
6.34e-08,810671,-3.50494e+07
6.35e-08,803869,-3.50609e+07
6.36e-08,804876,-3.50356e+07
6.37e-08,798840,-3.5009e+07
6.38e-08,805704,-3.50048e+07
6.39e-08,810868,-3.50266e+07
6.4e-08,805032,-3.50535e+07
6.41e-08,796705,-3.50696e+07
6.42e-08,792414,-3.50536e+07
6.43e-08,784642,-3.50319e+07
6.44e-08,780694,-3.50407e+07
6.45e-08,778324,-3.50798e+07
6.46e-08,781538,-3.50946e+07
6.47e-08,789672,-3.50782e+07
6.48e-08,792195,-3.50546e+07
6.49e-08,781458,-3.50374e+07
6.5e-08,790066,-3.50124e+07
6.51e-08,796003,-3.50364e+07
6.52e-08,796396,-3.50568e+07
6.53e-08,781632,-3.50972e+07
6.54e-08,779068,-3.5076e+07
6.55e-08,771135,-3.50551e+07
6.56e-08,767102,-3.50414e+07
6.57e-08,764007,-3.50862e+07
6.58e-08,763876,-3.51118e+07
6.59e-08,775944,-3.50939e+07
6.6e-08,772635,-3.50874e+07
6.61e-08,766034,-3.5068e+07
6.62e-08,760546,-3.50508e+07
6.63e-08,757203,-3.50868e+07
6.64e-08,757139,-3.51139e+07
6.65e-08,769010,-3.51018e+07
6.66e-08,766321,-3.50986e+07
6.67e-08,762414,-3.50775e+07
6.68e-08,765709,-3.50438e+07
6.69e-08,772727,-3.5044e+07
6.7e-08,775448,-3.5067e+07
6.71e-08,762708,-3.51036e+07
6.72e-08,760084,-3.51093e+07
6.73e-08,758692,-3.50881e+07
6.74e-08,742152,-3.50834e+07
6.75e-08,744473,-3.50813e+07
6.76e-08,743366,-3.51173e+07
6.77e-08,755671,-3.51116e+07
6.78e-08,753908,-3.51175e+07
6.79e-08,744017,-3.5113e+07
6.8e-08,745151,-3.50869e+07
6.81e-08,738363,-3.50751e+07
6.82e-08,736477,-3.51165e+07
6.83e-08,741435,-3.513e+07
6.84e-08,748541,-3.51175e+07
6.85e-08,754484,-3.50679e+07
6.86e-08,736033,-3.51036e+07
6.87e-08,732414,-3.50884e+07
6.88e-08,729589,-3.51135e+07
6.89e-08,729865,-3.51401e+07
6.9e-08,741669,-3.51276e+07
6.91e-08,738533,-3.51303e+07
6.92e-08,734354,-3.51125e+07
6.93e-08,732484,-3.50921e+07
6.94e-08,734400,-3.50863e+07
6.95e-08,735683,-3.51132e+07
6.96e-08,734964,-3.51365e+07
6.97e-08,732982,-3.51401e+07
6.98e-08,732451,-3.51226e+07
6.99e-08,721032,-3.51161e+07
7e-08,717717,-3.51004e+07
7.01e-08,716460,-3.51367e+07
7.02e-08,727132,-3.51388e+07
7.03e-08,727299,-3.51462e+07
7.04e-08,713658,-3.51885e+07
7.05e-08,721155,-3.51195e+07
7.06e-08,727621,-3.50884e+07
7.07e-08,733405,-3.50853e+07
7.08e-08,734649,-3.51104e+07
7.09e-08,721481,-3.51502e+07
7.1e-08,718534,-3.51532e+07
7.11e-08,712586,-3.51404e+07
7.12e-08,712546,-3.51202e+07
7.13e-08,714472,-3.50995e+07
7.14e-08,715573,-3.51315e+07
7.15e-08,715220,-3.51543e+07
7.16e-08,713402,-3.51611e+07
7.17e-08,713898,-3.5147e+07
7.18e-08,706501,-3.51387e+07
7.19e-08,698416,-3.51313e+07
7.2e-08,696887,-3.51479e+07
7.21e-08,702159,-3.51648e+07
7.22e-08,708036,-3.51651e+07
7.23e-08,704640,-3.51665e+07
7.24e-08,698855,-3.51539e+07
7.25e-08,706666,-3.51222e+07
7.26e-08,713081,-3.50935e+07
7.27e-08,714803,-3.51224e+07
7.28e-08,702537,-3.51635e+07
7.29e-08,700030,-3.51752e+07
7.3e-08,699322,-3.5162e+07
7.31e-08,688337,-3.51597e+07
7.32e-08,685279,-3.51478e+07
7.33e-08,684212,-3.5161e+07
7.34e-08,693912,-3.51699e+07
7.35e-08,695037,-3.51785e+07
7.36e-08,684506,-3.51895e+07
7.37e-08,686193,-3.51675e+07
7.38e-08,687363,-3.51504e+07
7.39e-08,689122,-3.51259e+07
7.4e-08,690040,-3.51576e+07
7.41e-08,689602,-3.51784e+07
7.42e-08,687245,-3.51885e+07
7.43e-08,682323,-3.51825e+07
7.44e-08,679593,-3.51659e+07
7.45e-08,691342,-3.51313e+07
7.46e-08,695081,-3.51246e+07
7.47e-08,686088,-3.51705e+07
7.48e-08,682363,-3.51915e+07
7.49e-08,686127,-3.51852e+07
7.5e-08,674843,-3.51815e+07
7.51e-08,681509,-3.5156e+07
7.52e-08,687678,-3.5125e+07
7.53e-08,689334,-3.51422e+07
7.54e-08,677217,-3.51884e+07
7.55e-08,675090,-3.52007e+07
7.56e-08,664339,-3.52203e+07
7.57e-08,677096,-3.51732e+07
7.58e-08,678210,-3.51522e+07
7.59e-08,682397,-3.51298e+07
7.6e-08,678743,-3.51673e+07
7.61e-08,670138,-3.52035e+07
7.62e-08,667351,-3.52087e+07
7.63e-08,662927,-3.51995e+07
7.64e-08,656189,-3.51981e+07
7.65e-08,653551,-3.51877e+07
7.66e-08,653448,-3.51925e+07
7.67e-08,665157,-3.51938e+07
7.68e-08,663424,-3.5211e+07
7.69e-08,653436,-3.52214e+07
7.7e-08,652009,-3.52091e+07
7.71e-08,649093,-3.52033e+07
7.72e-08,647174,-3.51893e+07
7.73e-08,647413,-3.52085e+07
7.74e-08,658436,-3.52101e+07
7.75e-08,656234,-3.522e+07
7.76e-08,651210,-3.52176e+07
7.77e-08,653983,-3.51993e+07
7.78e-08,660682,-3.51739e+07
7.79e-08,664169,-3.51462e+07
7.8e-08,655985,-3.51934e+07
7.81e-08,651815,-3.52213e+07
7.82e-08,648894,-3.52278e+07
7.83e-08,642242,-3.52227e+07
7.84e-08,644165,-3.52102e+07
7.85e-08,645372,-3.51988e+07
7.86e-08,647089,-3.51832e+07
7.87e-08,647133,-3.5209e+07
7.88e-08,645221,-3.52281e+07
7.89e-08,647480,-3.52252e+07
7.9e-08,640980,-3.5222e+07
7.91e-08,638832,-3.52135e+07
7.92e-08,640480,-3.51951e+07
7.93e-08,641310,-3.51962e+07
7.94e-08,640973,-3.52192e+07
7.95e-08,639677,-3.52264e+07
7.96e-08,635900,-3.52654e+07
7.97e-08,635513,-3.52237e+07
7.98e-08,642087,-3.52014e+07
7.99e-08,646075,-3.51761e+07
8e-08,643913,-3.51908e+07
8.01e-08,634926,-3.5228e+07
8.02e-08,631969,-3.52447e+07
8.03e-08,629691,-3.52393e+07
8.04e-08,631270,-3.52261e+07
8.05e-08,637575,-3.52035e+07
8.06e-08,640536,-3.51789e+07
8.07e-08,629952,-3.5218e+07
8.08e-08,628182,-3.52433e+07
8.09e-08,625257,-3.52521e+07
8.1e-08,617886,-3.52495e+07
8.11e-08,620794,-3.524e+07
8.12e-08,622594,-3.52258e+07
8.13e-08,623716,-3.52044e+07
8.14e-08,623458,-3.52291e+07
8.15e-08,621881,-3.52515e+07
8.16e-08,612211,-3.52666e+07
8.17e-08,611199,-3.52582e+07
8.18e-08,608482,-3.52576e+07
8.19e-08,606353,-3.5251e+07
8.2e-08,606799,-3.5231e+07
8.21e-08,618250,-3.52346e+07
8.22e-08,616145,-3.52557e+07
8.23e-08,612081,-3.52639e+07
8.24e-08,599688,-3.5271e+07
8.25e-08,602459,-3.52642e+07
8.26e-08,600820,-3.52565e+07
8.27e-08,601164,-3.52387e+07
8.28e-08,612476,-3.5242e+07
8.29e-08,610082,-3.52627e+07
8.3e-08,605683,-3.52697e+07
8.31e-08,602269,-3.52662e+07
8.32e-08,604598,-3.52562e+07
8.33e-08,606127,-3.52414e+07
8.34e-08,606850,-3.52235e+07
8.35e-08,606339,-3.52509e+07
8.36e-08,604105,-3.52692e+07
8.37e-08,594946,-3.52816e+07
8.38e-08,597212,-3.52717e+07
8.39e-08,599162,-3.52623e+07
8.4e-08,600286,-3.52499e+07
8.41e-08,601263,-3.523e+07
8.42e-08,600480,-3.52593e+07
8.43e-08,598262,-3.52753e+07
8.44e-08,597517,-3.52757e+07
8.45e-08,587522,-3.52846e+07
8.46e-08,585086,-3.52849e+07
8.47e-08,584386,-3.52752e+07
8.48e-08,587627,-3.5252e+07
8.49e-08,594856,-3.52649e+07
8.5e-08,592559,-3.5281e+07
8.51e-08,588383,-3.53216e+07
8.52e-08,591016,-3.52748e+07
8.53e-08,597004,-3.5259e+07
8.54e-08,600383,-3.52405e+07
8.55e-08,597266,-3.52263e+07
8.56e-08,589458,-3.52675e+07
8.57e-08,586988,-3.52862e+07
8.58e-08,585326,-3.52516e+07
8.59e-08,580902,-3.52911e+07
8.6e-08,582809,-3.52823e+07
8.61e-08,584196,-3.5269e+07
8.62e-08,584742,-3.52489e+07
8.63e-08,584140,-3.52696e+07
8.64e-08,581681,-3.52908e+07
8.65e-08,572748,-3.53038e+07
8.66e-08,579915,-3.52894e+07
8.67e-08,585985,-3.5273e+07
8.68e-08,589346,-3.52562e+07
8.69e-08,587037,-3.52421e+07
8.7e-08,579040,-3.52728e+07
8.71e-08,576276,-3.52951e+07
8.72e-08,571489,-3.5304e+07
8.73e-08,570001,-3.53029e+07
8.74e-08,571877,-3.52964e+07
8.75e-08,573301,-3.52851e+07
8.76e-08,573930,-3.52669e+07
8.77e-08,573703,-3.52756e+07
8.78e-08,571116,-3.52986e+07
8.79e-08,562023,-3.53154e+07
8.8e-08,560435,-3.53165e+07
8.81e-08,558272,-3.53187e+07
8.82e-08,557449,-3.53138e+07
8.83e-08,557698,-3.52985e+07
8.84e-08,568120,-3.52791e+07
8.85e-08,566079,-3.53015e+07
8.86e-08,561753,-3.53143e+07
8.87e-08,562633,-3.53086e+07
8.88e-08,568629,-3.52963e+07
8.89e-08,572745,-3.52819e+07
8.9e-08,573974,-3.52648e+07
8.91e-08,562648,-3.52811e+07
8.92e-08,560917,-3.53066e+07
8.93e-08,551614,-3.53263e+07
8.94e-08,553464,-3.53209e+07
8.95e-08,555406,-3.5318e+07
8.96e-08,557001,-3.53104e+07
8.97e-08,557920,-3.52965e+07
8.98e-08,557775,-3.52797e+07
8.99e-08,556056,-3.53076e+07
9e-08,546524,-3.53305e+07
9.01e-08,545521,-3.53306e+07
9.02e-08,543314,-3.53372e+07
9.03e-08,541555,-3.5338e+07
9.04e-08,542083,-3.53276e+07
9.05e-08,552714,-3.52882e+07
9.06e-08,551254,-3.53074e+07
9.07e-08,548496,-3.53236e+07
9.08e-08,540712,-3.53588e+07
9.09e-08,538514,-3.53424e+07
9.1e-08,536690,-3.53446e+07
9.11e-08,536894,-3.53371e+07
9.12e-08,547100,-3.5301e+07
9.13e-08,546411,-3.53059e+07
9.14e-08,543959,-3.53252e+07
9.15e-08,538360,-3.53374e+07
9.16e-08,538529,-3.5339e+07
9.17e-08,540578,-3.53341e+07
9.18e-08,541911,-3.53262e+07
9.19e-08,542478,-3.53117e+07
9.2e-08,542223,-3.52995e+07
9.21e-08,539749,-3.53244e+07
9.22e-08,530573,-3.53462e+07
9.23e-08,533206,-3.53432e+07
9.24e-08,535043,-3.53415e+07
9.25e-08,536509,-3.53354e+07
9.26e-08,537303,-3.53232e+07
9.27e-08,536794,-3.53063e+07
9.28e-08,535066,-3.53264e+07
9.29e-08,531459,-3.53421e+07
9.3e-08,527575,-3.53478e+07
9.31e-08,529464,-3.53484e+07
9.32e-08,531052,-3.53441e+07
9.33e-08,532058,-3.53342e+07
9.34e-08,532135,-3.53183e+07
9.35e-08,530849,-3.53205e+07
9.36e-08,527722,-3.53417e+07
9.37e-08,524894,-3.53843e+07
9.38e-08,529594,-3.53431e+07
9.39e-08,534610,-3.53342e+07
9.4e-08,536820,-3.53244e+07
9.41e-08,528484,-3.53284e+07
9.42e-08,526317,-3.53157e+07
9.43e-08,523871,-3.53399e+07
9.44e-08,515051,-3.53608e+07
9.45e-08,513691,-3.53676e+07
9.46e-08,511862,-3.53743e+07
9.47e-08,511380,-3.53738e+07
9.48e-08,511689,-3.53645e+07
9.49e-08,521470,-3.53281e+07
9.5e-08,519631,-3.53391e+07
9.51e-08,510447,-3.53635e+07
9.52e-08,515445,-3.53577e+07
9.53e-08,521007,-3.53526e+07
9.54e-08,525429,-3.53438e+07
9.55e-08,526819,-3.53343e+07
9.56e-08,516830,-3.5341e+07
9.57e-08,515369,-3.53328e+07
9.58e-08,512599,-3.53535e+07
9.59e-08,508697,-3.53639e+07
9.6e-08,513747,-3.53618e+07
9.61e-08,518838,-3.53529e+07
9.62e-08,521204,-3.53454e+07
9.63e-08,516031,-3.53454e+07
9.64e-08,511170,-3.53378e+07
9.65e-08,508972,-3.53491e+07
9.66e-08,500747,-3.53737e+07
9.67e-08,506513,-3.53673e+07
9.68e-08,511814,-3.53624e+07
9.69e-08,515436,-3.53551e+07
9.7e-08,516673,-3.53457e+07
9.71e-08,506546,-3.53528e+07
9.72e-08,504533,-3.53451e+07
9.73e-08,501748,-3.53649e+07
9.74e-08,496761,-3.53773e+07
9.75e-08,498502,-3.53827e+07
9.76e-08,500209,-3.53813e+07
9.77e-08,501357,-3.5377e+07
9.78e-08,501728,-3.53665e+07
9.79e-08,500610,-3.53527e+07
9.8e-08,498076,-3.53625e+07
9.81e-08,487897,-3.5385e+07
9.82e-08,497070,-3.53771e+07
9.83e-08,502201,-3.53729e+07
9.84e-08,505497,-3.53668e+07
9.85e-08,506650,-3.53582e+07
9.86e-08,496575,-3.53661e+07
9.87e-08,495057,-3.53507e+07
9.88e-08,491645,-3.53738e+07
9.89e-08,487016,-3.53869e+07
9.9e-08,488738,-3.53929e+07
9.91e-08,490444,-3.53926e+07
9.92e-08,491582,-3.53893e+07
9.93e-08,491961,-3.53799e+07
9.94e-08,491181,-3.53653e+07
9.95e-08,488854,-3.53663e+07
9.96e-08,482219,-3.53901e+07
9.97e-08,483115,-3.53944e+07
9.98e-08,484855,-3.53983e+07
9.99e-08,486270,-3.53976e+07
1e-07,487100,-3.53919e+07
